"RespondentID","Lottery","smoke","alcohol","gamble","skydiving","drive_above_speed_limit","cheated","eat_steak","like_steak_prepared","Gender","Age","Household_Income","Education","Location"
3234760413.00,"Lottery B","Yes","Yes","Yes","No","Yes","No","Yes","Medium","Male","18-29","$0 - $24,999",,"Mountain"
3234760930.00,"Lottery A","No","Yes","Yes","No","Yes","Yes","No",,"Female","45-60","$50,000 - $99,999","Some college or Associate degree","Pacific"
3234761071.00,"Lottery A","Yes","Yes","Yes","No","Yes","No","Yes","Medium rare","Male","30-44","$50,000 - $99,999","Some college or Associate degree","South Atlantic"
3234761718.00,"Lottery A","No","Yes","No","Yes","Yes","No","No",,"Female","> 60","$50,000 - $99,999","Some college or Associate degree","Mountain"
3234761827.00,"Lottery B","No","No","No","No","Yes","No","Yes","Medium rare","Female","18-29","$25,000 - $49,999","High school degree","South Atlantic"
3234761877.00,"Lottery A","No","No","Yes","No","Yes","No","Yes","Medium Well","Male","30-44","$50,000 - $99,999","Graduate degree","Pacific"
3234761879.00,"Lottery B","No","Yes","No","No","Yes","No","Yes","Medium Well","Female","> 60","$100,000 - $149,999","Bachelor degree","West North Central"
3234762638.00,"Lottery A","No","Yes","Yes","No","Yes","No","Yes","Medium rare","Male","> 60","$50,000 - $99,999","Bachelor degree","Pacific"
3234762715.00,"Lottery B","No","No","No","No","Yes","No","No",,"Male","18-29","$50,000 - $99,999","Some college or Associate degree","West North Central"
3234763171.00,"Lottery A","No","Yes","Yes","No","Yes","No","Yes","Medium","Male","> 60",,"Graduate degree","Pacific"
3234763650.00,"Lottery A","No","No","No","No","Yes","No","No",,"Male","45-60","$100,000 - $149,999","Some college or Associate degree","South Atlantic"
3234763723.00,"Lottery A","No","Yes","Yes","No","Yes","No","Yes","Medium","Male","30-44","$100,000 - $149,999","Bachelor degree","South Atlantic"
3234764005.00,"Lottery B","Yes","Yes","Yes","No","Yes","No","Yes","Medium rare","Female","18-29","$50,000 - $99,999","Some college or Associate degree","Mountain"
3234764079.00,"Lottery A","No","Yes","No","No","Yes","Yes","No",,"Male","45-60","$50,000 - $99,999","Bachelor degree","West South Central"
3234764154.00,"Lottery B","No","Yes","No","No","Yes","No","Yes","Medium rare","Female","45-60",,"Some college or Associate degree","Pacific"
3234764452.00,"Lottery B","Yes","Yes","Yes","Yes","Yes","No","Yes","Medium Well","Male","45-60","$100,000 - $149,999","Some college or Associate degree","South Atlantic"
3234764807.00,"Lottery A","No","Yes","No","No","Yes","No","Yes","Medium rare","Male","> 60","$150,000+","Bachelor degree","Middle Atlantic"
3234765401.00,"Lottery A","No","No","No","No","No","No","No",,"Female","45-60","$25,000 - $49,999","High school degree","Pacific"
3234765572.00,"Lottery B","Yes","Yes","Yes","No","Yes","Yes","No",,"Female","30-44","$0 - $24,999","Graduate degree","Pacific"
3234765812.00,"Lottery A","No","Yes","No","No","Yes","No","Yes","Medium Well","Male","> 60","$150,000+","Graduate degree","Pacific"
3234766097.00,"Lottery A","No","No","Yes","No","Yes","No","Yes","Well","Female","30-44",,"Some college or Associate degree","East South Central"
3234766329.00,"Lottery B","Yes","No","Yes","No","Yes","Yes","No",,"Female","30-44","$25,000 - $49,999","Bachelor degree","Middle Atlantic"
3234766450.00,"Lottery B","Yes","Yes","Yes","Yes","Yes","No","No",,"Female","30-44","$0 - $24,999","Some college or Associate degree","Pacific"
3234767012.00,"Lottery B","No","Yes","No","No","No","Yes","Yes","Well","Male","30-44","$0 - $24,999","Some college or Associate degree","East North Central"
3234767721.00,"Lottery A","Yes","Yes","Yes","No","Yes","No","Yes","Medium","Female","30-44","$50,000 - $99,999","Some college or Associate degree","South Atlantic"
3234768064.00,"Lottery B","No","Yes","Yes","No","Yes","No","Yes","Medium rare","Female","30-44","$100,000 - $149,999","Graduate degree","East North Central"
3234768304.00,"Lottery B","No","Yes","Yes",,"Yes","Yes","No",,"Female","30-44","$50,000 - $99,999","Some college or Associate degree","West South Central"
3234768724.00,"Lottery A","No","Yes","Yes","No","Yes","No","No",,"Female","18-29",,"Bachelor degree","East North Central"
3234769677.00,"Lottery A","No","No","Yes","No","Yes","No","Yes","Medium Well","Female","30-44","$0 - $24,999","Some college or Associate degree","West South Central"
3234769753.00,"Lottery A","No","Yes","Yes","No","Yes","No","Yes","Medium","Female","30-44","$50,000 - $99,999","Some college or Associate degree","New England"
3234770752.00,"Lottery B",,"No","No","No","No","No","Yes","Well","Male","45-60","$50,000 - $99,999","Bachelor degree","South Atlantic"
3234770881.00,"Lottery B",,,,,,,,,,,,,
3234770901.00,"Lottery A","No","Yes","Yes","No","Yes","No","Yes","Medium","Female","45-60","$150,000+","Graduate degree","Mountain"
3234771246.00,"Lottery A","No","Yes","Yes","No","Yes","Yes","Yes","Medium Well","Male","30-44","$50,000 - $99,999","Graduate degree","East North Central"
3234771796.00,"Lottery A","No","No","No","No","Yes","No","No",,"Female","18-29","$100,000 - $149,999","Bachelor degree","Pacific"
3234771955.00,"Lottery A","No","No","No","No","Yes","No","Yes","Medium","Female","> 60","$50,000 - $99,999","Some college or Associate degree","New England"
3234772281.00,"Lottery B","No","Yes","Yes","No","Yes","No","Yes","Medium rare","Male","30-44","$100,000 - $149,999","Bachelor degree","South Atlantic"
3234772571.00,"Lottery B","Yes","Yes","Yes","No","Yes","No","Yes","Medium rare","Male","45-60",,"High school degree","Mountain"
3234772936.00,"Lottery A","No","Yes","No","No","Yes","No","Yes","Medium","Male","> 60","$50,000 - $99,999","Graduate degree","Pacific"
3234773000.00,"Lottery A","No","Yes","Yes","No","Yes","Yes","Yes","Medium Well",,,,,
3234773444.00,"Lottery A","No","No","No","No","No","No","Yes","Medium rare","Male","30-44","$50,000 - $99,999","Graduate degree","West North Central"
3234774090.00,"Lottery A",,,,,,,,,,,,,
3234774218.00,"Lottery A","No","Yes","No","No","Yes","Yes","Yes","Medium rare","Female","30-44","$50,000 - $99,999","Some college or Associate degree","Mountain"
3234774379.00,"Lottery B","No","Yes","No","No","Yes","No","Yes","Medium rare","Female","> 60",,"Graduate degree","New England"
3234774532.00,"Lottery A","No","No","Yes","No","Yes","No","No",,"Female","45-60","$50,000 - $99,999","Some college or Associate degree","Pacific"
3234774687.00,"Lottery B","No","Yes","No","No","Yes","Yes","Yes","Medium rare","Male","18-29","$25,000 - $49,999","High school degree","South Atlantic"
3234775020.00,"Lottery A","Yes","Yes","Yes","No","Yes","No","No",,"Male","> 60","$50,000 - $99,999","Some college or Associate degree","East North Central"
3234775052.00,"Lottery B","Yes","Yes","No","No","Yes","No","Yes","Medium rare","Male","18-29","$0 - $24,999","Some college or Associate degree","East North Central"
3234775250.00,"Lottery A","No","Yes","Yes","No","Yes","No","No",,"Female","18-29",,"Some college or Associate degree","West North Central"
3234775647.00,"Lottery B",,,,,,,,,,,,,
3234775816.00,"Lottery A","Yes","No","No","No","No","No","Yes","Medium Well","Female","45-60","$25,000 - $49,999","Some college or Associate degree","Mountain"
3234775831.00,"Lottery A","No","Yes","Yes","No","Yes","No",,"Well","Female","> 60","$100,000 - $149,999","Bachelor degree","East South Central"
3234776702.00,"Lottery B","No","No","No","No","No","No","Yes","Medium rare","Female","> 60","$50,000 - $99,999","Graduate degree","Mountain"
3234776815.00,"Lottery A","Yes","Yes","No","No","Yes","No","Yes","Medium","Female","45-60","$150,000+","Bachelor degree","New England"
3234776895.00,"Lottery B","No","No","No","No","No","No","Yes","Medium rare","Female","45-60","$0 - $24,999","Some college or Associate degree","West South Central"
3234777247.00,"Lottery B","No","Yes","Yes","Yes","Yes","No","Yes","Medium","Male","45-60","$0 - $24,999","Bachelor degree","Pacific"
3234777660.00,"Lottery B","No","Yes","No","No","Yes","No","Yes","Medium","Female","18-29","$0 - $24,999","Some college or Associate degree","New England"
3234777834.00,"Lottery B","No","Yes","No","Yes","Yes","No","No",,"Female","30-44","$150,000+","Graduate degree","New England"
3234778061.00,"Lottery A","No","Yes","Yes","No","Yes","Yes","Yes","Medium Well","Male","45-60",,"Graduate degree","West South Central"
3234778201.00,"Lottery A","No","Yes","Yes","No","Yes","No","Yes","Medium Well","Male","18-29","$50,000 - $99,999","Some college or Associate degree","Middle Atlantic"
3234778259.00,"Lottery A","No","Yes","No","No","Yes","No","Yes","Medium","Female","18-29",,"Some college or Associate degree","East North Central"
3234778299.00,"Lottery B","No","Yes","No","Yes","Yes","Yes","Yes","Medium Well","Male","45-60","$150,000+","Bachelor degree","South Atlantic"
3234778457.00,"Lottery A","No","Yes","No","No","Yes","No","No",,"Female","30-44","$25,000 - $49,999","Bachelor degree","East South Central"
3234778651.00,"Lottery A","No","Yes","No","No","Yes","No","Yes","Rare","Male","> 60","$150,000+","Graduate degree","South Atlantic"
3234778653.00,"Lottery A","Yes","Yes","Yes","No","Yes","No","Yes","Medium","Female","45-60","$100,000 - $149,999","Some college or Associate degree","Pacific"
3234778878.00,"Lottery A","Yes","Yes","No","No","Yes","No","Yes","Medium rare","Male","30-44","$50,000 - $99,999","Some college or Associate degree","East North Central"
3234779361.00,"Lottery B","No","No","No","No","Yes","No","Yes","Medium Well","Male","> 60","$100,000 - $149,999","Graduate degree","East South Central"
3234779450.00,"Lottery B","Yes","Yes","No","No","Yes","No","Yes","Medium","Male","18-29","$0 - $24,999","Some college or Associate degree","Pacific"
3234779739.00,"Lottery A","No","Yes","No","No","No","No","No",,"Male","45-60","$25,000 - $49,999","High school degree","West South Central"
3234780238.00,"Lottery A","No","Yes","No","No","Yes","Yes","Yes","Medium rare","Female","30-44",,"Graduate degree","New England"
3234780649.00,"Lottery A","No","Yes","No","No","Yes","No","Yes","Medium","Male","18-29","$25,000 - $49,999","Graduate degree","West North Central"
3234780665.00,"Lottery B","No","Yes","Yes","No","Yes","No","Yes","Medium","Male","30-44","$100,000 - $149,999","Graduate degree","Middle Atlantic"
3234780977.00,"Lottery A","Yes","Yes","Yes","No","Yes","No","Yes","Medium rare","Female","30-44",,"Some college or Associate degree","Pacific"
3234781338.00,"Lottery A",,,,,,,,,,,,,
3234781534.00,"Lottery A","No","No","Yes","No","Yes","No","Yes","Medium rare","Female","18-29","$25,000 - $49,999","Graduate degree","South Atlantic"
3234781654.00,"Lottery B","No","No","No","No","Yes","No","Yes","Medium rare","Female","45-60","$25,000 - $49,999","High school degree","Pacific"
3234781837.00,"Lottery A","No","Yes","Yes","No","Yes","No","No",,"Female","30-44","$25,000 - $49,999","Bachelor degree","West South Central"
3234781892.00,"Lottery B","No","Yes","Yes","No","Yes","No","Yes","Medium rare","Female","45-60",,"Graduate degree","South Atlantic"
3234782029.00,"Lottery B","No","Yes","No","No","Yes","No","Yes","Medium","Female","18-29","$0 - $24,999","Bachelor degree","Mountain"
3234782381.00,"Lottery A","Yes","Yes","Yes","No","Yes","No","No",,"Female","18-29","$25,000 - $49,999","Some college or Associate degree","East North Central"
3234782700.00,"Lottery A","No","Yes","Yes","No","Yes","No","Yes","Medium rare","Male","45-60","$150,000+","Graduate degree","Pacific"
3234782863.00,"Lottery A","Yes","No","No","No","Yes","No","Yes","Medium rare","Female","45-60","$0 - $24,999","Bachelor degree","South Atlantic"
3234782874.00,"Lottery A",,"No","Yes","No","Yes","No","Yes","Medium","Female","45-60",,"Bachelor degree","New England"
3234783141.00,"Lottery B","No","Yes","Yes","No","Yes","Yes","Yes","Medium","Female","30-44","$50,000 - $99,999","Bachelor degree","East North Central"
3234784673.00,"Lottery B","No","Yes","No","No","Yes","No","Yes","Rare","Female","18-29","$50,000 - $99,999","Bachelor degree","New England"
3234784700.00,"Lottery B","No","Yes","No","No","Yes","No","Yes","Medium rare","Female","> 60","$50,000 - $99,999","Graduate degree","East North Central"
3234784794.00,"Lottery A","No","No","No","No","Yes","Yes","Yes","Medium","Female","45-60",,"Graduate degree","Middle Atlantic"
3234785000.00,"Lottery B","No","Yes","No","Yes","Yes","No","Yes","Medium","Female","30-44","$100,000 - $149,999","Graduate degree","West North Central"
3234785058.00,"Lottery B","Yes","Yes","Yes","No","Yes","Yes","Yes","Medium rare","Male","30-44","$100,000 - $149,999","Bachelor degree","South Atlantic"
3234785120.00,"Lottery B","Yes","Yes","Yes","No","Yes","No","Yes","Rare","Male","18-29","$25,000 - $49,999","Some college or Associate degree","West North Central"
3234785571.00,"Lottery B","No","No","No","No","Yes","Yes","Yes","Medium","Female","45-60","$50,000 - $99,999","Graduate degree","Pacific"
3234785579.00,"Lottery A","No","No","No","No","No","No","Yes","Medium rare","Female","18-29","$25,000 - $49,999","Some college or Associate degree","Middle Atlantic"
3234785679.00,"Lottery A","No","No","Yes","No","No","No","Yes","Medium","Female","> 60","$50,000 - $99,999","High school degree","Mountain"
3234785906.00,"Lottery A","No","Yes","Yes","No","Yes","No","Yes","Medium rare","Male","45-60","$100,000 - $149,999","Bachelor degree","West North Central"
3234786043.00,"Lottery A","No","Yes","Yes","No","Yes","No","Yes","Medium rare","Female","45-60","$100,000 - $149,999","Some college or Associate degree","East North Central"
3234786242.00,"Lottery A","No","Yes","Yes","No","Yes","No","No",,"Female","45-60","$150,000+","Graduate degree","East North Central"
3234786675.00,"Lottery B","Yes","Yes","Yes","No","Yes","No","Yes","Medium Well","Male","> 60","$0 - $24,999","Bachelor degree","Pacific"
3234787013.00,"Lottery A","No","No","Yes","No","Yes","Yes","Yes","Medium","Male","45-60","$100,000 - $149,999","Bachelor degree","West South Central"
3234787056.00,"Lottery A","No","Yes","Yes","No","Yes","No","Yes","Medium","Female","> 60",,"Graduate degree","New England"
3234787469.00,"Lottery B","No","Yes","Yes","No","Yes","No","Yes","Medium rare","Male","30-44","$50,000 - $99,999","Some college or Associate degree","South Atlantic"
3234787566.00,"Lottery B","No","Yes","No","No","Yes","No","Yes","Medium rare","Female","30-44","$50,000 - $99,999","Bachelor degree","South Atlantic"
3234787811.00,"Lottery A","No","Yes","Yes","No","Yes","No","Yes","Medium rare",,,,,
3234788829.00,"Lottery A","Yes","Yes","Yes","No","Yes","No","Yes","Rare",,,,,
3234788903.00,"Lottery A","Yes","Yes","Yes","No","Yes","No","Yes","Medium rare","Male","45-60","$100,000 - $149,999","Bachelor degree","East South Central"
3234789052.00,"Lottery A","No","Yes","No","No","Yes","Yes","Yes","Rare","Female","45-60","$50,000 - $99,999","Graduate degree","West North Central"
3234789070.00,"Lottery B","No","Yes","No","No","Yes","No","Yes","Medium rare","Female","> 60","$50,000 - $99,999","Graduate degree","West South Central"
3234789316.00,"Lottery A","No","No","No","No","Yes","No","No",,"Female","> 60","$50,000 - $99,999","Graduate degree","West South Central"
3234789350.00,"Lottery B","No","Yes","No","No","Yes","No","Yes","Medium rare","Female","30-44","$50,000 - $99,999","Some college or Associate degree","Pacific"
3234789415.00,"Lottery B","No","Yes","Yes","No",,"No","Yes","Well","Female","45-60","$150,000+","High school degree","Middle Atlantic"
3234789421.00,"Lottery B","No","Yes","Yes","No","Yes","No","Yes","Well","Female","45-60",,"Some college or Associate degree","Mountain"
3234790686.00,"Lottery A","No","Yes","No","No","Yes","No","Yes","Medium rare","Male","18-29","$100,000 - $149,999","Bachelor degree","Pacific"
3234790735.00,"Lottery A","No","Yes","Yes","No","Yes","No","Yes","Medium","Male","45-60","$150,000+","Graduate degree","East North Central"
3234791190.00,"Lottery B","No","Yes","Yes","No","Yes","No","Yes","Well","Male","30-44",,"Bachelor degree","East North Central"
3234791193.00,"Lottery B","No","Yes","No","No","Yes","No","Yes","Medium rare","Male","45-60","$100,000 - $149,999","Bachelor degree","Pacific"
3234791203.00,"Lottery B","Yes","Yes","Yes","No","No","Yes","Yes","Medium rare","Female","30-44","$50,000 - $99,999","Graduate degree","Mountain"
3234791290.00,"Lottery A","No","No","No","No","Yes","No","Yes","Medium","Female","18-29",,"High school degree","West North Central"
3234792668.00,"Lottery B","No","Yes","No","No","Yes","No","Yes","Medium Well","Female","18-29",,"Bachelor degree","East North Central"
3234792864.00,"Lottery B","No","Yes","No","No","Yes","No","Yes","Well","Female","> 60","$50,000 - $99,999","Bachelor degree","Mountain"
3234793005.00,"Lottery A","No","Yes","Yes","No","Yes","No","Yes","Medium Well","Female","45-60","$25,000 - $49,999","Some college or Associate degree","Mountain"
3234793032.00,"Lottery B","Yes","Yes","No","No","No","No","Yes","Medium Well","Male","18-29","$0 - $24,999","Bachelor degree","East North Central"
3234793110.00,"Lottery A","No","Yes","No","No","Yes","Yes","Yes","Medium",,,,,
3234793325.00,"Lottery A","No","No","No","No","No","No","No",,"Male","30-44","$50,000 - $99,999","Bachelor degree","Pacific"
3234794312.00,"Lottery A","No","Yes","Yes","No","Yes","No","Yes","Well","Male","30-44","$50,000 - $99,999","Some college or Associate degree","Middle Atlantic"
3234794335.00,"Lottery B","No","No","Yes","No","No","Yes","No",,"Female","18-29","$25,000 - $49,999","Bachelor degree","Middle Atlantic"
3234794417.00,"Lottery A","Yes","Yes","Yes","No","Yes","No","Yes","Medium rare","Female","18-29","$50,000 - $99,999","Some college or Associate degree","West South Central"
3234794766.00,"Lottery B","No","Yes","Yes","No","Yes","No","Yes","Medium","Female","> 60","$50,000 - $99,999","Graduate degree","East North Central"
3234795992.00,"Lottery B","No","Yes","No","No","Yes","No","Yes","Medium rare","Male","> 60","$50,000 - $99,999","Graduate degree","Pacific"
3234796052.00,"Lottery B","No","No","No","No","Yes","No","Yes","Well","Female","30-44",,"Graduate degree","Middle Atlantic"
3234796064.00,"Lottery B","No","Yes","No","No","Yes","No","No",,"Male","> 60",,"Bachelor degree","South Atlantic"
3234796591.00,"Lottery A","No","No","Yes","No","Yes","No","Yes","Medium rare","Female","> 60","$50,000 - $99,999","Bachelor degree","South Atlantic"
3234796655.00,"Lottery B","No","Yes","No","No","No","No","No",,"Female","45-60",,"Some college or Associate degree","East North Central"
3234797221.00,"Lottery B","No","No","No","No","Yes","No","No",,"Male","45-60","$50,000 - $99,999","Bachelor degree","South Atlantic"
3234797258.00,"Lottery A","No","No","No","No","Yes","No","Yes","Medium rare","Female","18-29","$25,000 - $49,999","High school degree","East South Central"
3234797602.00,"Lottery B","No","No","No","No","Yes","No","Yes","Medium rare","Female","> 60",,"Some college or Associate degree","Pacific"
3234798094.00,"Lottery B","No","Yes","Yes","No","Yes","No","Yes","Medium","Female","45-60","$50,000 - $99,999","Graduate degree","Pacific"
3234798959.00,"Lottery B","No","No","No","No","Yes","No","No",,"Male","30-44","$0 - $24,999","Bachelor degree","Mountain"
3234799316.00,"Lottery A","No","Yes","No","No","Yes","Yes","Yes","Medium","Female","30-44","$150,000+","Bachelor degree","Mountain"
3234799491.00,"Lottery A","No","Yes","No","No","No","No","No",,"Female","45-60","$50,000 - $99,999","Graduate degree","South Atlantic"
3234800702.00,"Lottery A","No","Yes","Yes","No","Yes","No","Yes","Medium rare","Male","45-60","$50,000 - $99,999","Graduate degree","South Atlantic"
3234801446.00,"Lottery A","Yes","Yes","Yes","No","Yes","Yes","Yes","Medium","Male","45-60","$50,000 - $99,999","Bachelor degree","Mountain"
3234801517.00,"Lottery B","Yes","Yes","No","No","Yes","No","Yes","Medium Well","Female","30-44","$100,000 - $149,999","Graduate degree","Middle Atlantic"
3234801820.00,"Lottery A","No","Yes","Yes","No","Yes","No","Yes","Medium Well","Female","> 60","$50,000 - $99,999","Some college or Associate degree","Pacific"
3234801990.00,"Lottery A","No","Yes","Yes","No","Yes","No","No",,"Female","30-44","$150,000+","Graduate degree","Middle Atlantic"
3234802032.00,"Lottery A","No","Yes","Yes","No","Yes","No","Yes","Medium rare","Female","45-60","$50,000 - $99,999","Bachelor degree","East North Central"
3234802671.00,"Lottery B","No","Yes","Yes","No","Yes","No","Yes","Medium","Female","> 60","$50,000 - $99,999","Graduate degree","New England"
3234802714.00,"Lottery B","No","Yes","Yes","No","Yes","No","Yes","Medium rare","Male","> 60","$50,000 - $99,999","Bachelor degree","Middle Atlantic"
3234802862.00,"Lottery A","No","No","Yes","No","Yes","No","No",,"Male","18-29",,"Bachelor degree","South Atlantic"
3234803379.00,"Lottery B","No","Yes","Yes","No","Yes","Yes","Yes","Medium","Female","> 60","$50,000 - $99,999","Some college or Associate degree","South Atlantic"
3234803474.00,"Lottery A","No","Yes","Yes","No","Yes","No","Yes","Medium","Male","> 60","$150,000+","Some college or Associate degree","South Atlantic"
3234803528.00,"Lottery B","No","Yes","Yes","No","Yes","No","Yes","Well","Female","> 60",,"Graduate degree","East North Central"
3234803552.00,"Lottery B","No","Yes","Yes","No","Yes","Yes","Yes","Medium","Female","30-44","$25,000 - $49,999","Some college or Associate degree","Pacific"
3234803688.00,"Lottery B","No","Yes","No","No","Yes","Yes","Yes","Medium Well","Female","30-44","$50,000 - $99,999","Graduate degree","East North Central"
3234803833.00,"Lottery B","No","Yes","Yes","No","Yes","No","Yes","Medium rare","Female","45-60","$100,000 - $149,999","Graduate degree","South Atlantic"
3234803960.00,"Lottery B","No","No","No","No","Yes","No","Yes","Medium","Female","30-44","$50,000 - $99,999","Bachelor degree","West South Central"
3234804414.00,"Lottery B","No","Yes","No","No","Yes","Yes","Yes","Medium Well","Female","30-44","$25,000 - $49,999","Some college or Associate degree","South Atlantic"
3234804474.00,"Lottery B","No","No","No","Yes","Yes","No","Yes","Rare","Female","45-60","$50,000 - $99,999","Bachelor degree","South Atlantic"
3234804543.00,"Lottery B","No","Yes","No","No","Yes","Yes","No",,"Male","18-29","$0 - $24,999","Some college or Associate degree","West North Central"
3234805086.00,"Lottery B","No","Yes","No","No","Yes","Yes","Yes","Medium Well",,,,,
3234805307.00,"Lottery A","No","Yes","No","No","Yes","No","Yes","Medium Well","Female","18-29","$50,000 - $99,999","Bachelor degree","East North Central"
3234806468.00,"Lottery B","No","Yes","Yes","No","Yes","No","No",,"Female","45-60","$150,000+","Graduate degree","Pacific"
3234807193.00,"Lottery A","No","Yes","Yes","No","Yes","Yes","Yes","Medium rare","Female","45-60",,"Graduate degree","East North Central"
3234807325.00,"Lottery A","No","Yes","Yes","Yes","Yes","No","Yes","Medium rare","Male","30-44","$100,000 - $149,999","Bachelor degree","East North Central"
3234807362.00,"Lottery A","No","No","Yes","Yes","Yes","No","Yes","Medium","Male","> 60","$50,000 - $99,999","Bachelor degree","Middle Atlantic"
3234807540.00,"Lottery B","No","Yes","Yes","No","Yes","No","Yes","Medium rare","Female","45-60","$100,000 - $149,999","Bachelor degree","South Atlantic"
3234807795.00,"Lottery A","No","Yes","Yes","No","Yes","No","Yes","Medium","Female","30-44","$100,000 - $149,999","Graduate degree","Middle Atlantic"
3234807851.00,"Lottery B","No","Yes","No","No","Yes","No","Yes","Medium Well","Female","30-44","$25,000 - $49,999","Bachelor degree","South Atlantic"
3234808432.00,"Lottery B","No","Yes","No","No","Yes","Yes","Yes","Medium","Male","30-44","$50,000 - $99,999","Some college or Associate degree","East North Central"
3234808857.00,"Lottery B","No","Yes","Yes","No","Yes","No","Yes","Medium rare",,,,,
3234808864.00,"Lottery A","No","Yes","No","No","Yes","No","No",,"Male","30-44",,"Bachelor degree","East North Central"
3234809084.00,"Lottery B","No","Yes","No","No","Yes","No","Yes","Medium","Female","45-60","$100,000 - $149,999","Some college or Associate degree","Mountain"
3234810109.00,"Lottery A","No","Yes","Yes","No","Yes","No","Yes","Medium rare","Female","> 60","$50,000 - $99,999","Graduate degree","South Atlantic"
3234810549.00,"Lottery A","No","No","No","No","Yes","Yes","Yes","Medium rare","Male","30-44","$100,000 - $149,999","Some college or Associate degree","Middle Atlantic"
3234810697.00,"Lottery A","Yes","Yes","Yes","No","Yes","No","Yes","Medium","Male","45-60","$100,000 - $149,999","Bachelor degree","East North Central"
3234810955.00,"Lottery A","No","Yes","Yes","No","Yes","No","Yes","Medium",,,,,
3234811715.00,"Lottery B","No","No","No","No","No","No","Yes","Medium rare","Female","> 60",,"Some college or Associate degree","South Atlantic"
3234811839.00,"Lottery A","No","No","No","No","Yes","No","Yes","Medium rare","Male","> 60","$50,000 - $99,999","Bachelor degree","New England"
3234811984.00,"Lottery A","Yes","Yes","Yes","No","Yes","No","Yes","Medium rare","Female","45-60",,"Bachelor degree","Mountain"
3234812630.00,"Lottery A","No","Yes","No","Yes","Yes","No","Yes","Well","Female","30-44",,"Some college or Associate degree","Mountain"
3234813021.00,"Lottery A","No","Yes","No","No","Yes","No","No",,"Female","30-44","$50,000 - $99,999","Graduate degree","Pacific"
3234813345.00,"Lottery B","No","Yes","Yes","No","Yes","No","Yes","Medium rare","Female","> 60","$50,000 - $99,999","Graduate degree","New England"
3234813465.00,"Lottery A","No","Yes","Yes","No","Yes","No","Yes","Medium","Female","45-60","$150,000+","Bachelor degree","Middle Atlantic"
3234813682.00,"Lottery A","No","Yes","No","No","No","No","Yes","Medium","Female","18-29","$0 - $24,999","Some college or Associate degree","Pacific"
3234813690.00,"Lottery A","No","Yes","Yes","No","Yes","Yes","Yes","Medium","Female","45-60","$150,000+","Graduate degree","East South Central"
3234813881.00,"Lottery B","No","Yes","No","No","Yes","No","No",,"Female","45-60","$50,000 - $99,999","Some college or Associate degree","Mountain"
3234814222.00,"Lottery A","No","No",,"No","Yes","No","Yes","Medium Well","Female","> 60","$50,000 - $99,999","Graduate degree","East North Central"
3234814278.00,"Lottery A","No","Yes","No","No","Yes","No","Yes","Medium Well","Female","18-29","$0 - $24,999","Bachelor degree","South Atlantic"
3234814352.00,"Lottery A","No","Yes","No","No","Yes","No","Yes","Medium Well","Female","45-60","$150,000+","Some college or Associate degree","Middle Atlantic"
3234814651.00,"Lottery A","Yes","Yes","No","No",,"Yes","Yes","Medium rare","Male","> 60","$50,000 - $99,999","Some college or Associate degree","South Atlantic"
3234814771.00,"Lottery B","Yes","Yes","Yes","No","Yes","No","Yes","Medium","Female","> 60","$25,000 - $49,999","Graduate degree","Pacific"
3234814864.00,"Lottery A","No","Yes","Yes","No","Yes","No","Yes","Medium rare","Female","> 60",,"High school degree","East North Central"
3234815061.00,"Lottery A","No","Yes","No","No","Yes","No","Yes","Medium rare","Male","> 60","$100,000 - $149,999","Graduate degree","Middle Atlantic"
3234815142.00,"Lottery A","No","Yes","No","No","Yes","No","Yes","Well","Female","45-60","$50,000 - $99,999","Some college or Associate degree","East North Central"
3234815283.00,"Lottery B","No","Yes","Yes","No","Yes","No","Yes","Medium Well","Male","45-60","$100,000 - $149,999","Some college or Associate degree","Middle Atlantic"
3234815420.00,"Lottery B","No","Yes","Yes","No","Yes","No","Yes","Medium rare",,,,,
3234815497.00,"Lottery A","Yes","Yes","Yes","No","Yes","No","Yes","Medium rare",,,,,
3234815624.00,"Lottery B","No","No","No","Yes","Yes","Yes","Yes","Medium rare","Female","> 60","$50,000 - $99,999","Graduate degree","West South Central"
3234815841.00,"Lottery B","No","No","No","No","Yes","No","Yes","Medium rare","Female","> 60","$50,000 - $99,999","Graduate degree","Pacific"
3234816059.00,"Lottery B","No","Yes","No","Yes","Yes","No","Yes","Medium Well",,,,,
3234816078.00,"Lottery A","Yes","Yes","Yes","No","Yes","Yes","Yes","Well","Male","30-44","$0 - $24,999","High school degree","South Atlantic"
3234816090.00,"Lottery A","No","Yes","Yes","No","Yes","No","Yes","Medium","Male","45-60","$0 - $24,999","High school degree","West North Central"
3234816708.00,"Lottery B","No","Yes","No","No","Yes","No","Yes","Medium Well","Female","30-44","$150,000+","Graduate degree","Mountain"
3234816931.00,"Lottery A","Yes","Yes","Yes","No","Yes","No","Yes","Well","Female","18-29",,"Some college or Associate degree","Pacific"
3234816985.00,"Lottery A","No","Yes","Yes","No","Yes","No","No",,"Female","> 60","$0 - $24,999","Some college or Associate degree","Pacific"
3234817013.00,"Lottery A","No","Yes","No","No","Yes","No","Yes","Medium rare","Female","30-44","$150,000+","Bachelor degree","East North Central"
3234817193.00,"Lottery B","No","No","No","No","No","Yes","Yes","Well","Female","30-44",,"High school degree","East North Central"
3234817478.00,"Lottery B","No","Yes","Yes","No","Yes","No","Yes","Medium Well",,,,,
3234817851.00,"Lottery B","No","No","Yes","No","Yes","No","Yes","Rare","Female","30-44","$0 - $24,999","Some college or Associate degree","South Atlantic"
3234818093.00,"Lottery B","No","Yes","No","No","Yes","No","No",,"Female","18-29","$50,000 - $99,999","Bachelor degree","East North Central"
3234818156.00,"Lottery B","No","No","Yes","No","Yes","No","Yes","Medium","Male","45-60",,"Some college or Associate degree","East North Central"
3234818242.00,"Lottery A","Yes","No","No","No","Yes","No","Yes","Medium rare","Male","30-44","$100,000 - $149,999","Bachelor degree","Pacific"
3234818499.00,"Lottery B","No","Yes","No","No","Yes","No","Yes","Medium","Female","18-29","$100,000 - $149,999","Some college or Associate degree","East North Central"
3234818717.00,"Lottery B","Yes","Yes","Yes","No","Yes","No","Yes","Medium rare","Female","45-60","$50,000 - $99,999","Some college or Associate degree","Pacific"
3234819429.00,"Lottery A","No","Yes","No","No","Yes","No","Yes","Medium","Male","30-44","$50,000 - $99,999","Graduate degree","Middle Atlantic"
3234819931.00,"Lottery A","No","Yes","No","No","Yes","No","Yes","Medium rare","Male","> 60","$150,000+","Graduate degree","New England"
3234819936.00,"Lottery B","Yes","Yes","Yes","No","Yes","Yes","Yes","Medium","Male","30-44","$50,000 - $99,999","Bachelor degree","South Atlantic"
3234819954.00,"Lottery A","No","No","No","No","Yes","Yes","No",,"Female","30-44","$50,000 - $99,999","Some college or Associate degree","Pacific"
3234820022.00,"Lottery B","No","Yes","No","No","Yes","No","Yes","Medium rare","Female","30-44","$100,000 - $149,999","Graduate degree","Pacific"
3234820326.00,"Lottery B","No","No","No","No","Yes","No","Yes","Well","Male","45-60","$50,000 - $99,999","Bachelor degree","Mountain"
3234820423.00,"Lottery A","No","Yes","Yes","No","Yes","No","No",,,,,,
3234820490.00,"Lottery A","No","Yes","No","No","Yes","Yes","Yes","Medium","Female","45-60","$50,000 - $99,999","Some college or Associate degree","Middle Atlantic"
3234820540.00,"Lottery B","No","No","No","No","Yes","No","Yes","Medium rare","Male","30-44","$50,000 - $99,999","Graduate degree","Mountain"
3234820905.00,"Lottery B","No","No","Yes","No","Yes","No","Yes","Medium rare","Male","> 60",,"High school degree","East South Central"
3234820975.00,"Lottery A","No","Yes","Yes","No","Yes","No","Yes","Medium rare","Female","45-60","$150,000+","Bachelor degree","Pacific"
3234821131.00,"Lottery A","No","Yes","Yes","No","Yes","No","Yes","Medium Well","Female","45-60","$50,000 - $99,999","Bachelor degree","Mountain"
3234821230.00,"Lottery B","No","Yes",,"No","Yes","Yes","No",,"Female","45-60","$25,000 - $49,999","Bachelor degree","Middle Atlantic"
3234821322.00,"Lottery B","No","Yes","No","No","Yes","No","Yes","Medium",,,,,
3234821435.00,"Lottery A","Yes","No","No","Yes","Yes","Yes","Yes","Medium rare","Female","45-60","$100,000 - $149,999","Bachelor degree","East North Central"
3234821616.00,"Lottery B","No","Yes","No","Yes","Yes","Yes","No",,"Female","45-60","$150,000+","Graduate degree","East North Central"
3234821979.00,"Lottery B","No","Yes","No","No","Yes","No","Yes","Medium rare","Female","30-44","$25,000 - $49,999","Graduate degree","New England"
3234822135.00,"Lottery B","No","Yes","No","No","Yes","No","Yes","Medium",,,,,
3234822326.00,"Lottery A","No","Yes","Yes","No","Yes","No","Yes","Medium rare","Female","30-44","$100,000 - $149,999","Bachelor degree","New England"
3234822396.00,"Lottery A","Yes","Yes","Yes","No","Yes","No","No",,"Female","30-44","$150,000+","Bachelor degree","East North Central"
3234822589.00,"Lottery A","No","Yes","Yes","No","Yes","No","Yes","Medium","Male","45-60","$150,000+","Graduate degree","Pacific"
3234822610.00,"Lottery B","No","Yes","Yes","Yes","Yes","Yes","Yes","Medium rare","Male","45-60","$25,000 - $49,999","Graduate degree","West North Central"
3234822951.00,"Lottery A","No","Yes","Yes","No","Yes","No","Yes","Medium","Female","30-44","$150,000+","Graduate degree","West North Central"
3234823339.00,"Lottery B","No","Yes","Yes","No","Yes","No","Yes","Medium Well","Female","18-29","$50,000 - $99,999","Graduate degree","South Atlantic"
3234823512.00,"Lottery B","Yes","Yes","No","No","Yes","No","Yes","Medium rare","Female","30-44",,"Some college or Associate degree","West North Central"
3234824047.00,"Lottery B","No","Yes","No","No","Yes","No","Yes","Medium","Female","18-29","$150,000+","Some college or Associate degree","South Atlantic"
3234824072.00,"Lottery A","No","Yes","Yes","No","Yes","Yes","Yes","Medium rare","Female","> 60","$25,000 - $49,999","Some college or Associate degree","East North Central"
3234824435.00,"Lottery A","No","Yes","Yes","No","Yes","Yes","Yes","Medium rare","Male","30-44","$25,000 - $49,999","Some college or Associate degree","South Atlantic"
3234824537.00,"Lottery B","No","Yes","No","No","Yes","No","Yes","Medium Well","Male","18-29","$0 - $24,999","Bachelor degree","East North Central"
3234825540.00,"Lottery B","No","No","No","Yes","Yes","No","No",,"Female","18-29","$150,000+","Some college or Associate degree","Pacific"
3234825833.00,"Lottery B","No","No","No","No","Yes","No","Yes","Medium Well","Female","45-60","$150,000+","Bachelor degree","New England"
3234826323.00,"Lottery B","No","Yes","Yes","No","Yes","No","Yes","Medium rare","Male","30-44","$25,000 - $49,999","Graduate degree","West North Central"
3234827533.00,"Lottery A","No","Yes","No","No","Yes","Yes","No",,"Female","30-44",,"Graduate degree","Pacific"
3234827738.00,"Lottery B","No","Yes","No",,"Yes","No","Yes","Medium Well","Male","18-29","$25,000 - $49,999","Some college or Associate degree","Mountain"
3234827747.00,"Lottery A","No","Yes","Yes","Yes","Yes","No","Yes","Medium","Female","18-29","$100,000 - $149,999","Bachelor degree","Pacific"
3234827864.00,"Lottery B","No","Yes","No","No","No","No","Yes","Medium","Female","30-44","$150,000+","Bachelor degree","Middle Atlantic"
3234828054.00,"Lottery B","No","Yes","No","No","Yes","No","Yes","Medium rare","Female","45-60","$50,000 - $99,999","Some college or Associate degree","Mountain"
3234828284.00,"Lottery B","No","No","No","No","Yes","No","No",,"Female","30-44","$50,000 - $99,999","Graduate degree","Middle Atlantic"
3234828740.00,"Lottery A","No","Yes","No","No","Yes","No","Yes","Medium","Male","18-29","$25,000 - $49,999","Bachelor degree","South Atlantic"
3234828861.00,"Lottery B","No","Yes","No","No","Yes","No","No",,"Female","18-29","$100,000 - $149,999","Some college or Associate degree","East North Central"
3234829440.00,"Lottery B","No","Yes","No","No","Yes","No","Yes","Medium rare","Male","30-44","$50,000 - $99,999","Some college or Associate degree","Pacific"
3234829821.00,"Lottery A","No","Yes","No","No","Yes","No","No",,"Female","18-29","$25,000 - $49,999","Bachelor degree","Pacific"
3234830173.00,"Lottery A","Yes","Yes","Yes","No","Yes","No","Yes","Medium rare","Female","18-29","$25,000 - $49,999","Some college or Associate degree","East North Central"
3234831171.00,"Lottery A","No","No","No","No","Yes","No","Yes","Medium","Male","18-29","$50,000 - $99,999","Bachelor degree","East North Central"
3234831237.00,"Lottery A","No","Yes","No","No","Yes","No","Yes","Medium rare","Female","30-44","$0 - $24,999","Some college or Associate degree","Pacific"
3234831618.00,"Lottery B","No","Yes","No","Yes","Yes","Yes","No",,"Female","30-44","$25,000 - $49,999","Graduate degree","West North Central"
3234831966.00,"Lottery B","No","No","No","No","Yes","No","No",,,,,,
3234832610.00,"Lottery B","No","No","No","No","Yes","No","No",,,,,,
3234832790.00,"Lottery A","No","No","Yes","No","No","No","No",,"Female","45-60","$25,000 - $49,999","Bachelor degree","South Atlantic"
3234832916.00,"Lottery A","Yes","Yes","Yes","No","Yes","Yes","Yes","Medium","Male","18-29","$0 - $24,999","Some college or Associate degree","Mountain"
3234832934.00,"Lottery B","No","Yes","Yes","Yes","Yes","No","Yes","Medium rare","Male","30-44","$100,000 - $149,999","Bachelor degree","West South Central"
3234833027.00,"Lottery A","No","Yes","No","No","Yes","No","Yes","Medium","Female","18-29","$50,000 - $99,999","Bachelor degree","West North Central"
3234833617.00,"Lottery B","No","Yes","No","No","Yes","No","Yes","Medium rare","Female","18-29","$25,000 - $49,999","Bachelor degree","South Atlantic"
3234834071.00,"Lottery A","No","Yes","Yes","No","Yes","No","Yes","Medium rare","Male","> 60","$50,000 - $99,999","Bachelor degree","Middle Atlantic"
3234834174.00,"Lottery A","No","Yes","Yes","No","Yes","No","Yes","Well","Female","45-60","$100,000 - $149,999","Some college or Associate degree","East North Central"
3234834302.00,"Lottery B","No","Yes","No","Yes","No","No","Yes","Medium","Female","45-60","$25,000 - $49,999","Some college or Associate degree","East South Central"
3234834323.00,"Lottery B","No","Yes","No","No","Yes","Yes","Yes","Rare","Female","45-60",,"Bachelor degree","Middle Atlantic"
3234834533.00,"Lottery B","No","Yes","Yes","No","Yes","No","No",,"Female","45-60","$50,000 - $99,999","Bachelor degree","East South Central"
3234834693.00,"Lottery A","No","No","No","No","No","No","No",,"Female","18-29",,"Bachelor degree","Pacific"
3234834715.00,"Lottery B","No","Yes","No","No","Yes","No","Yes","Rare","Female","> 60","$100,000 - $149,999","Bachelor degree","Middle Atlantic"
3234835004.00,"Lottery A","No","Yes","Yes","No","Yes","No","No",,"Female","45-60",,"Graduate degree","Pacific"
3234835019.00,"Lottery B","Yes","Yes","Yes","No","Yes","No","Yes","Medium rare","Female","18-29","$100,000 - $149,999","Bachelor degree","East North Central"
3234835436.00,,"No","No","No","No","No","No","Yes","Medium Well","Female","30-44","$25,000 - $49,999","Some college or Associate degree","East North Central"
3234835549.00,"Lottery B","No","No","No","Yes","Yes","No","Yes","Medium Well","Male","18-29",,"Some college or Associate degree","New England"
3234835855.00,"Lottery A","No","Yes","No","No","Yes","No","Yes","Medium Well","Male","45-60","$50,000 - $99,999","Bachelor degree","West North Central"
3234835856.00,"Lottery B",,,,,,,,,,,,,
3234836354.00,"Lottery A","No","Yes","No","Yes","Yes","No","Yes","Medium rare","Female","45-60","$50,000 - $99,999","Bachelor degree","New England"
3234836496.00,"Lottery B","No","Yes","Yes","No","Yes","No","Yes","Rare","Female","45-60","$100,000 - $149,999","Graduate degree","South Atlantic"
3234836798.00,"Lottery A","No","Yes","No","No","Yes","No","Yes","Medium Well","Female","30-44","$50,000 - $99,999","Bachelor degree","New England"
3234837423.00,"Lottery A","No","Yes","Yes","No","Yes","No","No",,"Male","45-60","$100,000 - $149,999","Bachelor degree","West North Central"
3234837477.00,"Lottery A","Yes","Yes","Yes","No","Yes","No","Yes","Medium","Male","18-29","$100,000 - $149,999","Bachelor degree","Pacific"
3234837794.00,"Lottery A","No","Yes","No","No","Yes","No","Yes","Medium","Female","> 60","$25,000 - $49,999","High school degree","New England"
3234837889.00,"Lottery A","Yes","Yes","Yes","Yes","Yes","No","Yes","Medium Well","Female","30-44","$50,000 - $99,999","Some college or Associate degree","Middle Atlantic"
3234838236.00,"Lottery A","No","Yes","Yes","No","Yes","Yes","No",,"Male","45-60","$50,000 - $99,999","Graduate degree","East North Central"
3234838368.00,"Lottery A","Yes","Yes","No","No","Yes","No","Yes","Medium rare","Female","18-29","$0 - $24,999","Graduate degree","East South Central"
3234838520.00,"Lottery B","Yes","Yes","Yes","No","No","No","Yes","Medium rare","Male","30-44","$25,000 - $49,999","Some college or Associate degree","Pacific"
3234838884.00,"Lottery A","No","Yes","Yes","No","No","No","No",,"Female","45-60","$150,000+","Some college or Associate degree","Mountain"
3234839073.00,"Lottery A","No","Yes","Yes","No","Yes","No","Yes","Rare","Female","> 60","$50,000 - $99,999","Some college or Associate degree","Pacific"
3234839160.00,"Lottery B","No","Yes","Yes","No","Yes","No","Yes","Medium","Female","30-44","$100,000 - $149,999","Graduate degree","West North Central"
3234839418.00,"Lottery A","No","Yes","Yes","No","Yes","No","Yes","Medium","Male","30-44","$50,000 - $99,999","Some college or Associate degree","Pacific"
3234839467.00,"Lottery B","No","Yes","No","No","Yes","No","Yes","Medium","Female","> 60","$150,000+","Bachelor degree","South Atlantic"
3234839680.00,"Lottery A","Yes","Yes","Yes","No","Yes","No","Yes","Rare","Female","30-44","$50,000 - $99,999","Some college or Associate degree","West North Central"
3234839875.00,"Lottery B","No","Yes","Yes","No","Yes","No","Yes","Medium rare","Female","30-44","$25,000 - $49,999","Bachelor degree","New England"
3234839930.00,,"No","No","No","No","Yes","No","Yes","Medium rare","Male","45-60",,"Some college or Associate degree","West North Central"
3234840017.00,"Lottery B","No","No","No","No","No","No","Yes","Medium rare","Female","> 60","$25,000 - $49,999","Some college or Associate degree","Middle Atlantic"
3234840089.00,"Lottery B","No","Yes","Yes","No","Yes","No","Yes","Medium Well","Female","> 60",,"Some college or Associate degree","South Atlantic"
3234840455.00,"Lottery A","No","No","No","No","Yes","No","Yes","Well","Female","45-60","$150,000+","Bachelor degree","South Atlantic"
3234840809.00,"Lottery A","No","Yes","No","No","Yes","No","Yes","Medium rare","Female","45-60",,"Graduate degree","Pacific"
3234840931.00,"Lottery B","No","Yes","Yes","No","Yes","No","Yes","Rare","Male","45-60","$100,000 - $149,999","Graduate degree","Middle Atlantic"
3234840992.00,"Lottery A","No","Yes","No","No","No","No","Yes","Medium rare","Female","> 60",,"Bachelor degree","New England"
3234841276.00,"Lottery B","No","Yes","No","No","Yes","Yes","Yes","Medium","Male","> 60","$50,000 - $99,999","Some college or Associate degree","Middle Atlantic"
3234841439.00,"Lottery B","No","Yes","No","No","Yes","No","No",,"Female","45-60","$150,000+","Bachelor degree","East North Central"
3234842004.00,"Lottery B","No","No","No","No","Yes","No","Yes","Medium","Male","18-29",,"High school degree","East North Central"
3234842077.00,"Lottery B","No","Yes","No","No","Yes","No","Yes","Medium Well","Female","18-29","$0 - $24,999","Some college or Associate degree","South Atlantic"
3234842555.00,"Lottery B","No","Yes","No","No","Yes","No","Yes","Medium","Female","30-44","$50,000 - $99,999","Bachelor degree","South Atlantic"
3234843042.00,"Lottery B","No","Yes","No","No","Yes","No","Yes","Medium Well","Female","18-29","$50,000 - $99,999","Graduate degree","West South Central"
3234843097.00,"Lottery B","No","Yes","Yes","No","Yes","Yes","Yes","Medium","Female","30-44","$150,000+","Bachelor degree","New England"
3234843170.00,"Lottery A","No","Yes","Yes","No","Yes","No","Yes","Medium rare","Male","> 60","$50,000 - $99,999","Graduate degree","East South Central"
3234843229.00,"Lottery A","No","Yes","Yes","No","Yes","No","Yes","Medium Well","Female","30-44","$25,000 - $49,999","Bachelor degree","South Atlantic"
3234843266.00,"Lottery A",,"No",,"No","No","No",,"Medium Well","Female","30-44","$0 - $24,999","Bachelor degree","Middle Atlantic"
3234843714.00,"Lottery B","No","Yes","No","No","Yes","Yes","Yes","Well","Female","45-60","$50,000 - $99,999","Bachelor degree","Middle Atlantic"
3234843826.00,"Lottery B","No","Yes","Yes","No","Yes","No","Yes","Medium rare","Female","45-60","$50,000 - $99,999","Graduate degree","West North Central"
3234843837.00,"Lottery A","No","Yes","Yes","No","Yes","No","Yes","Medium","Male","45-60","$50,000 - $99,999","Some college or Associate degree","Middle Atlantic"
3234844077.00,"Lottery A","No","No","No","No","Yes","No","Yes","Medium","Female","45-60","$25,000 - $49,999","Some college or Associate degree","Pacific"
3234844257.00,"Lottery B","No","Yes","Yes","No","No","No","Yes","Well","Female","45-60","$100,000 - $149,999","Bachelor degree","Mountain"
3234844263.00,"Lottery B","No","Yes","No","No","Yes","No","Yes","Medium rare","Female","30-44","$50,000 - $99,999","Bachelor degree","West South Central"
3234844345.00,"Lottery B","No","No","No","No","Yes","No","No",,"Female","18-29","$0 - $24,999","High school degree","Pacific"
3234845017.00,"Lottery A","No","Yes","No","No","Yes","No","Yes","Medium","Male","> 60","$50,000 - $99,999","Graduate degree","South Atlantic"
3234845146.00,"Lottery A","No","Yes","No","No","Yes","Yes","Yes","Medium Well","Female","45-60","$50,000 - $99,999","Graduate degree","South Atlantic"
3234845685.00,"Lottery B","No","Yes","Yes","No","Yes","No","Yes","Medium rare","Female","> 60","$25,000 - $49,999","High school degree","South Atlantic"
3234846005.00,"Lottery A","No","Yes","No","No","Yes","No","Yes","Medium","Female","45-60","$150,000+","Bachelor degree","West South Central"
3234846164.00,"Lottery B","No","Yes","No","No","Yes","No","Yes","Medium rare","Female","> 60","$150,000+","Bachelor degree","West North Central"
3234846522.00,"Lottery B","No","Yes","Yes","No","Yes","No","No",,"Male","30-44","$100,000 - $149,999","Graduate degree","New England"
3234846787.00,"Lottery B","No","Yes","Yes","No","Yes","No","Yes","Medium Well","Female","30-44","$100,000 - $149,999","Graduate degree","East North Central"
3234846945.00,"Lottery B","No","Yes","Yes","No","Yes","No","Yes","Medium rare","Female","30-44","$50,000 - $99,999","Bachelor degree","West North Central"
3234847028.00,"Lottery B","No","No","No","No","Yes","No","Yes","Medium Well","Female","> 60",,"High school degree","New England"
3234847389.00,"Lottery A","No","Yes","No","No","Yes","Yes","Yes","Medium","Male","18-29","$50,000 - $99,999","Bachelor degree","Middle Atlantic"
3234847724.00,"Lottery B","No","Yes","Yes","No","Yes","No","Yes","Medium rare","Male","30-44","$25,000 - $49,999","Bachelor degree","East North Central"
3234847799.00,"Lottery A","No","No","No","No","Yes","No","Yes","Medium","Female","45-60",,"Graduate degree","East North Central"
3234847835.00,"Lottery A","No","Yes","Yes","No","Yes","Yes","Yes","Medium","Male","30-44","$100,000 - $149,999","Bachelor degree","Middle Atlantic"
3234848231.00,"Lottery B","No","Yes","Yes","No","Yes","No","Yes","Medium rare","Female","45-60","$50,000 - $99,999","Some college or Associate degree","South Atlantic"
3234848544.00,"Lottery B","No","Yes","No","No","Yes","No","No",,"Female","45-60",,"Bachelor degree","Middle Atlantic"
3234848624.00,"Lottery A","No","Yes","No","Yes","Yes","No","Yes","Medium rare","Female","30-44","$100,000 - $149,999","Graduate degree","West South Central"
3234848656.00,"Lottery B","No","Yes","Yes","No","Yes","No","Yes","Medium rare","Male","45-60","$50,000 - $99,999","Some college or Associate degree","West North Central"
3234848751.00,"Lottery B","No","No","No","No","Yes","No","Yes","Well","Female","30-44","$50,000 - $99,999","Bachelor degree","South Atlantic"
3234849033.00,"Lottery B","No","Yes","Yes","No","Yes","No","Yes","Well","Female","30-44","$50,000 - $99,999","Graduate degree","East North Central"
3234849594.00,"Lottery B","No","Yes","No","No","Yes","No","No",,"Male","45-60","$0 - $24,999","Bachelor degree","East North Central"
3234850078.00,"Lottery A","No","Yes","No","No","Yes","No","Yes","Medium rare","Male","> 60",,"Graduate degree","New England"
3234850216.00,"Lottery B","No","Yes","No","No","Yes","No","No",,"Male","18-29","$25,000 - $49,999","Bachelor degree","East North Central"
3234850595.00,"Lottery B",,,,,,,,,,,,,
3234850633.00,"Lottery A","No","No","No","No","No","No","No",,"Female","> 60","$50,000 - $99,999","Graduate degree","East North Central"
3234851430.00,"Lottery A","No","Yes","Yes","No","Yes","No","Yes","Medium rare","Female","18-29","$150,000+","Bachelor degree","New England"
3234851715.00,"Lottery A","Yes","Yes","Yes","No","Yes","No","No",,"Female","30-44","$100,000 - $149,999","High school degree","Middle Atlantic"
3234852078.00,"Lottery A","No","Yes","Yes","No","Yes","No","Yes","Medium Well","Male","45-60","$100,000 - $149,999","Bachelor degree","East North Central"
3234852348.00,"Lottery A","No","Yes","No","No","Yes","No","Yes","Medium rare","Male","30-44","$25,000 - $49,999","Some college or Associate degree","East South Central"
3234852426.00,"Lottery B","No","Yes","No","No","Yes","No","No",,"Female","18-29","$50,000 - $99,999","Graduate degree","East South Central"
3234852790.00,"Lottery A","No","Yes","No","Yes","Yes","No","No",,"Female","18-29","$25,000 - $49,999","Bachelor degree","Middle Atlantic"
3234852897.00,"Lottery B","No","No","Yes","No","Yes","Yes","No",,"Female","> 60","$50,000 - $99,999","High school degree","East North Central"
3234853003.00,"Lottery B","Yes","Yes","No","No","Yes","No","Yes","Well","Female","18-29","$100,000 - $149,999","Less than high school degree","Pacific"
3234853178.00,"Lottery B","No","Yes","Yes","No","Yes","No","Yes","Medium rare","Male","> 60",,"Bachelor degree","West North Central"
3234853259.00,"Lottery A","No","Yes","No","No","Yes","Yes","Yes","Rare","Female","> 60","$25,000 - $49,999","Graduate degree","Pacific"
3234853280.00,"Lottery B","Yes","Yes","Yes","No","Yes","No","Yes","Medium rare","Female","18-29","$150,000+","Graduate degree","Middle Atlantic"
3234853330.00,"Lottery A","No","Yes","No","No","Yes","No","Yes","Medium","Female","18-29","$50,000 - $99,999","Graduate degree","Middle Atlantic"
3234853658.00,"Lottery B","No","Yes","No","No","Yes","No","Yes","Medium rare","Male","30-44","$50,000 - $99,999","Graduate degree","South Atlantic"
3234854914.00,"Lottery B","No","Yes","Yes","No","Yes","Yes","Yes","Rare","Female","30-44","$150,000+","Some college or Associate degree","Pacific"
3234855107.00,"Lottery A","No","Yes","Yes","No","Yes","No","Yes","Well","Male","> 60","$0 - $24,999","Bachelor degree","West South Central"
3234855298.00,"Lottery A","No","Yes","No","No","Yes","No","No",,"Male","30-44","$150,000+","Graduate degree","Pacific"
3234855441.00,"Lottery B","No","Yes","No","No","Yes",,"Yes","Medium Well","Female","45-60",,"Graduate degree","Middle Atlantic"
3234855514.00,"Lottery A","No","Yes","Yes","No","Yes","Yes","Yes","Medium Well","Female","30-44","$50,000 - $99,999","Graduate degree","South Atlantic"
3234855780.00,"Lottery B","No","No","No","No","Yes","Yes","Yes","Medium Well","Female","18-29","$0 - $24,999","Some college or Associate degree","Middle Atlantic"
3234855951.00,"Lottery B","No","No","No","Yes","Yes","No","No",,"Female","30-44","$50,000 - $99,999","Some college or Associate degree","New England"
3234855952.00,"Lottery B","No","Yes","No","No","Yes","No","Yes","Well","Female","> 60","$50,000 - $99,999","Bachelor degree","Pacific"
3234856048.00,"Lottery B","No","Yes","Yes","No","Yes","No","Yes","Medium rare",,,,,
3234856888.00,"Lottery B","No","No","No","No","Yes","No","Yes","Medium Well","Female","18-29","$100,000 - $149,999","Some college or Associate degree","East South Central"
3234857554.00,"Lottery B","No","No","No","No","No","No","Yes","Well","Male","30-44",,"Graduate degree","Mountain"
3234857573.00,"Lottery A","No","No","No","No","Yes","No","No",,"Female","45-60","$150,000+","Graduate degree","West North Central"
3234857772.00,"Lottery B","Yes","Yes","No","No","Yes","No","Yes","Medium rare","Female","45-60","$100,000 - $149,999","Graduate degree","East North Central"
3234858003.00,"Lottery B","No","Yes","No","No","Yes","No","No",,"Female","18-29",,"Bachelor degree","East North Central"
3234858015.00,"Lottery B","No","No","No","No","Yes","No","No",,"Female","> 60","$50,000 - $99,999","Some college or Associate degree",
3234858147.00,"Lottery B","No","Yes","No","No","Yes","No","Yes","Medium","Male","30-44","$100,000 - $149,999","Bachelor degree","Mountain"
3234858171.00,"Lottery B","No","No","Yes","No","Yes","No","Yes","Medium","Male","> 60","$0 - $24,999","Bachelor degree","South Atlantic"
3234858232.00,"Lottery A","No","Yes","Yes","No","Yes","No","Yes","Well","Male","45-60","$100,000 - $149,999","Bachelor degree","South Atlantic"
3234858733.00,"Lottery B","No","Yes","No","No","Yes","No","No",,"Female","> 60","$100,000 - $149,999","Bachelor degree","Pacific"
3234858907.00,"Lottery A","No","No","Yes","No","Yes","No","Yes","Well","Female","45-60",,"Some college or Associate degree","East South Central"
3234859155.00,"Lottery B","No","No","No","No","Yes","No","Yes","Medium rare","Male","18-29","$50,000 - $99,999","Some college or Associate degree","East North Central"
3234859297.00,"Lottery A","No","Yes","No","No","Yes","No","Yes","Medium Well","Male","45-60","$50,000 - $99,999","Some college or Associate degree","Pacific"
3234859369.00,"Lottery B","No","Yes","No","No","Yes","No","Yes","Medium rare","Female","> 60",,"Some college or Associate degree","East South Central"
3234859600.00,"Lottery A","No","No","No","No","Yes","No","Yes","Medium","Female","> 60","$25,000 - $49,999","Some college or Associate degree","South Atlantic"
3234860125.00,"Lottery B","No","Yes","Yes","No","Yes","No","Yes","Medium","Female","> 60",,"Graduate degree","East North Central"
3234860196.00,"Lottery B","No","Yes","Yes","No","Yes","No","Yes","Medium","Male","45-60","$150,000+","Graduate degree","West North Central"
3234860927.00,"Lottery B","No","Yes","No","No","Yes","No","Yes","Well",,,,,
3234861097.00,"Lottery B",,"Yes","No","No","Yes","No","Yes","Rare","Male","18-29","$50,000 - $99,999","High school degree","East North Central"
3234861177.00,"Lottery B","No","Yes","Yes","No","Yes","No","No",,"Female","18-29","$0 - $24,999","Bachelor degree","East North Central"
3234862159.00,"Lottery B","No","Yes","No","No","Yes","No","Yes","Medium rare",,,,,
3234862267.00,"Lottery B","No","Yes","No","No","Yes","No","Yes","Medium rare","Female","18-29",,"Graduate degree","South Atlantic"
3234863245.00,"Lottery B","No","Yes","Yes","Yes","Yes","Yes","Yes","Medium rare","Male","30-44","$50,000 - $99,999","Bachelor degree","South Atlantic"
3234863826.00,"Lottery B","No","Yes","Yes","No","No","No","Yes","Medium","Female","> 60","$0 - $24,999","Some college or Associate degree","South Atlantic"
3234864240.00,"Lottery B","No","Yes","No","No","Yes","No","No",,"Female","18-29",,"Bachelor degree","West North Central"
3234865587.00,"Lottery A","No","No","No","No","No","No","No",,"Female","18-29","$100,000 - $149,999","High school degree","Mountain"
3234867846.00,"Lottery B","No","Yes","Yes","No","Yes","No","Yes","Medium","Male","30-44","$50,000 - $99,999","Some college or Associate degree","South Atlantic"
3234868550.00,"Lottery A","Yes","Yes","Yes","No","Yes","No","Yes","Medium rare","Female","18-29","$50,000 - $99,999","Some college or Associate degree","East North Central"
3234868937.00,"Lottery A","Yes","Yes","Yes","No","Yes","No","Yes","Well","Male","45-60","$50,000 - $99,999","Bachelor degree","Pacific"
3234869188.00,"Lottery A","Yes","No","No","Yes","No","No","Yes","Medium Well","Female","18-29","$25,000 - $49,999","High school degree","Middle Atlantic"
3234869539.00,"Lottery A","No","Yes","Yes",,"Yes","No","Yes","Medium rare","Male","18-29","$25,000 - $49,999","Some college or Associate degree","Mountain"
3234870022.00,"Lottery B","No","No","Yes","No","Yes","Yes","Yes","Well","Female","18-29","$25,000 - $49,999","Some college or Associate degree","New England"
3234870079.00,"Lottery B","No","No","No","No","Yes","No","Yes","Medium rare","Male","30-44","$50,000 - $99,999","Some college or Associate degree","New England"
3234870354.00,"Lottery B","Yes","No","No","No","No","No","Yes","Rare","Female","> 60","$0 - $24,999","Some college or Associate degree","Middle Atlantic"
3234870688.00,"Lottery B","No","No","No","No","Yes","Yes","Yes","Medium","Male","18-29","$0 - $24,999","Bachelor degree","East North Central"
3234870917.00,"Lottery A","No","No","No","No","Yes","No","Yes","Medium rare",,,,,
3234871078.00,"Lottery B","No","No","No","No","Yes","No","Yes","Medium rare","Male","45-60","$50,000 - $99,999","Bachelor degree","South Atlantic"
3234871183.00,"Lottery B","No","No","Yes","No","Yes","No","Yes","Medium","Male","45-60","$150,000+","Some college or Associate degree","Pacific"
3234871274.00,"Lottery B","Yes","Yes","Yes","No","Yes","No","Yes","Medium","Male","30-44","$25,000 - $49,999","Some college or Associate degree","Pacific"
3234871337.00,"Lottery B","Yes","No","Yes","No","Yes","No","No",,"Female","> 60","$25,000 - $49,999","Bachelor degree","Middle Atlantic"
3234871363.00,"Lottery B","No","Yes","Yes","No","Yes","No","Yes","Medium Well","Male","> 60","$150,000+","Graduate degree","Middle Atlantic"
3234871524.00,"Lottery A","Yes","Yes","Yes","No","Yes","No","Yes","Medium","Female","18-29","$25,000 - $49,999","High school degree","West North Central"
3234872191.00,"Lottery B","No","No","No","No","No","No","No",,"Female","> 60","$25,000 - $49,999","Graduate degree","Middle Atlantic"
3234872432.00,"Lottery B","Yes","Yes","Yes","No","Yes","No","Yes","Medium","Male","18-29","$0 - $24,999","High school degree","Pacific"
3234872996.00,"Lottery B","No","Yes","No","No","Yes","No","Yes","Medium rare","Male","45-60","$50,000 - $99,999","Graduate degree","East North Central"
3234874404.00,"Lottery A","Yes","Yes","Yes","No","Yes","Yes","Yes","Medium","Male","30-44","$150,000+","Graduate degree","Middle Atlantic"
3234874602.00,"Lottery B","No","Yes","Yes","No","Yes","No","Yes","Medium Well","Male","> 60","$25,000 - $49,999","Some college or Associate degree","South Atlantic"
3234874621.00,"Lottery A","Yes","Yes","Yes","No","No","Yes","No",,"Male","18-29","$50,000 - $99,999","Bachelor degree","Pacific"
3234875056.00,"Lottery B","No","No","No","No","Yes","No","Yes","Medium Well","Female","> 60",,"Graduate degree","West North Central"
3234876635.00,"Lottery B","No","Yes","No","No","No","No","No",,"Male","45-60","$50,000 - $99,999","Some college or Associate degree","Pacific"
3234877084.00,"Lottery B","No","Yes","Yes","No","Yes","No","Yes","Medium rare","Female","> 60","$150,000+","Graduate degree","South Atlantic"
3234877192.00,"Lottery A","Yes","No","No","No","No","No","No",,"Female","> 60","$25,000 - $49,999","High school degree","Pacific"
3234877910.00,"Lottery A","No","Yes","No","No","Yes","Yes","Yes","Medium Well","Female","> 60",,"Bachelor degree","West North Central"
3234878810.00,"Lottery A","No","No","No","No","Yes","No","Yes","Medium rare","Female","> 60","$25,000 - $49,999","Bachelor degree","East North Central"
3234878909.00,"Lottery A","No","Yes","Yes","No","Yes","No","Yes","Medium","Male","30-44","$50,000 - $99,999","Some college or Associate degree","East North Central"
3234878934.00,"Lottery A","No","Yes","No","No","Yes","No","Yes","Medium","Male","30-44","$100,000 - $149,999","Bachelor degree","East North Central"
3234879079.00,"Lottery A","No","Yes","No","No","Yes","No","No",,"Female","> 60","$25,000 - $49,999","Some college or Associate degree","East North Central"
3234879259.00,"Lottery B","No","Yes","No","No","No","Yes","No",,"Female","> 60","$50,000 - $99,999","Bachelor degree","South Atlantic"
3234879461.00,"Lottery B","No","Yes","No","No","Yes","No","Yes","Medium",,,,,
3234880264.00,"Lottery B","No","Yes","Yes","No","Yes","No","Yes","Medium rare","Male","30-44","$100,000 - $149,999","Graduate degree","Pacific"
3234880646.00,"Lottery B","No","Yes","Yes","Yes","Yes","Yes","Yes","Medium","Male","30-44","$100,000 - $149,999","Bachelor degree","Middle Atlantic"
3234880918.00,"Lottery B","No","Yes","No","No","No","Yes","No",,,,,,
3234880920.00,"Lottery B","No","No","Yes","No","Yes","No","Yes","Medium","Male","30-44","$50,000 - $99,999","Some college or Associate degree","East South Central"
3234881800.00,"Lottery A","No","Yes","Yes","No","Yes","No","Yes","Medium Well","Male","30-44","$25,000 - $49,999","Some college or Associate degree","South Atlantic"
3234882106.00,"Lottery A","No","Yes","Yes","No","Yes","No","Yes","Medium Well","Male","> 60","$50,000 - $99,999","Some college or Associate degree","Mountain"
3234882580.00,"Lottery A","No","Yes","Yes","No","Yes","No","Yes","Rare","Male","45-60","$100,000 - $149,999","Bachelor degree","Middle Atlantic"
3234882939.00,"Lottery A","No","No","No","No","Yes","No","Yes","Medium","Male","30-44","$25,000 - $49,999","Some college or Associate degree","Mountain"
3234883277.00,"Lottery A","No","Yes","No","No","Yes","No","No",,"Female","> 60","$0 - $24,999","Graduate degree","Middle Atlantic"
3234883481.00,"Lottery A","No","Yes","No","No","Yes","Yes","Yes","Well","Male","18-29",,"Some college or Associate degree","Middle Atlantic"
3234884132.00,"Lottery A","No","Yes","Yes","No","No","No","Yes","Medium","Female","> 60","$25,000 - $49,999","High school degree","Middle Atlantic"
3234884670.00,"Lottery A","No","Yes","No","No","Yes","No","No",,"Male","30-44","$50,000 - $99,999","Less than high school degree","Mountain"
3234884675.00,"Lottery B","No","Yes","No","No","Yes","No","Yes","Medium rare","Male","45-60","$100,000 - $149,999","Bachelor degree","Middle Atlantic"
3234885046.00,"Lottery B","No","No","Yes","No","Yes","Yes","No",,"Male","30-44","$50,000 - $99,999","Some college or Associate degree","East South Central"
3234885891.00,"Lottery A","No","Yes","Yes","No","Yes","Yes","No",,"Male","> 60","$50,000 - $99,999","Some college or Associate degree","Middle Atlantic"
3234886625.00,"Lottery B","No","No","Yes","No","No","No","Yes","Medium rare","Male","18-29","$50,000 - $99,999","High school degree","Middle Atlantic"
3234886754.00,"Lottery A","No","Yes","Yes","No","Yes","No","Yes","Medium rare","Male","45-60","$100,000 - $149,999","High school degree","East South Central"
3234887493.00,,"No","Yes","Yes","No","Yes","No","Yes","Medium","Male","> 60","$25,000 - $49,999","Some college or Associate degree","Mountain"
3234887530.00,"Lottery A","No","No","Yes","No","Yes","No","Yes","Well","Male","45-60","$50,000 - $99,999","Some college or Associate degree","Pacific"
3234887552.00,"Lottery A","No","Yes","No","No","Yes","No","No",,"Female","30-44",,"Bachelor degree","Pacific"
3234888125.00,"Lottery B","No","Yes","Yes","No","No","No","Yes","Medium Well","Female","> 60","$0 - $24,999","High school degree","Middle Atlantic"
3234888305.00,"Lottery B","No","Yes","No","No","Yes","No","Yes","Medium","Female","> 60","$50,000 - $99,999","Graduate degree","West North Central"
3234888428.00,"Lottery A","No","Yes","Yes","No","Yes","No","Yes","Medium Well","Male","45-60","$100,000 - $149,999","Bachelor degree","Pacific"
3234888966.00,"Lottery B","No","No","No","No","Yes","No","No",,"Male","45-60",,"Bachelor degree","Middle Atlantic"
3234888994.00,"Lottery B","No","Yes","No","No","Yes","No","Yes","Medium rare","Male","18-29","$0 - $24,999","Bachelor degree","East South Central"
3234889143.00,"Lottery A","No","Yes","No","No","Yes","No","No",,"Female","> 60",,"Graduate degree","New England"
3234889313.00,"Lottery A","No","No","No","No","Yes","No","Yes","Medium","Male","18-29","$100,000 - $149,999","Some college or Associate degree","South Atlantic"
3234889471.00,"Lottery A","No","Yes","No","Yes","Yes","No","Yes","Medium rare","Male","30-44",,"Some college or Associate degree","West South Central"
3234889548.00,"Lottery B","Yes","No","Yes","No","Yes","Yes","Yes","Medium rare","Female","> 60","$0 - $24,999","Bachelor degree","Pacific"
3234889696.00,"Lottery A","No","Yes","No","No","Yes","No","Yes","Medium rare","Female","> 60","$100,000 - $149,999","Graduate degree","East North Central"
3234890248.00,"Lottery B","No","Yes","Yes","No","Yes","No","Yes","Medium rare","Female","> 60","$25,000 - $49,999","Graduate degree","West North Central"
3234890660.00,"Lottery A","No","Yes","No","No","Yes","No","No",,"Male","> 60","$50,000 - $99,999","Bachelor degree","West South Central"
3234891191.00,"Lottery B","No","Yes","No","No","Yes","No","No",,"Female","> 60",,"Bachelor degree","South Atlantic"
3234893232.00,"Lottery B","No","Yes","No","No","Yes","Yes","Yes","Medium rare","Female","> 60","$50,000 - $99,999","Some college or Associate degree","East South Central"
3234893368.00,"Lottery A","No","Yes","No","No","Yes","No","Yes","Medium","Male","18-29","$25,000 - $49,999","Graduate degree","West North Central"
3234893663.00,"Lottery B","No","Yes","No","No","Yes","Yes","Yes","Medium Well","Male","> 60","$150,000+","Bachelor degree","New England"
3234893756.00,"Lottery A","Yes","Yes","No","No","Yes","Yes","Yes","Medium rare","Male","18-29",,"High school degree","Pacific"
3234894723.00,"Lottery A","Yes","Yes","Yes","No","Yes","No","Yes","Rare","Male","> 60",,"Bachelor degree","Middle Atlantic"
3234894892.00,"Lottery B","No","Yes","No","No","Yes","No","Yes","Rare","Male","30-44","$25,000 - $49,999","Bachelor degree","Pacific"
3234894987.00,"Lottery B","No","No","Yes","No","No","No","Yes","Medium Well","Male","> 60","$25,000 - $49,999","Some college or Associate degree","East South Central"
3234895207.00,"Lottery B","No","Yes","Yes","No","Yes","No","Yes","Medium rare","Male","45-60","$100,000 - $149,999","Bachelor degree","Middle Atlantic"
3234895751.00,"Lottery A","No","Yes","No","No","Yes","No","No",,"Female","> 60","$100,000 - $149,999","Bachelor degree","South Atlantic"
3234896091.00,"Lottery B","No","No","Yes","No","Yes","No","Yes","Medium rare","Female","> 60",,"Some college or Associate degree","Pacific"
3234896271.00,"Lottery A","No","Yes","Yes","No","Yes","No","No",,"Female","> 60",,"Some college or Associate degree","Middle Atlantic"
3234896600.00,"Lottery B","Yes","Yes","Yes","No","Yes","Yes","Yes","Medium Well","Male","30-44","$50,000 - $99,999","Bachelor degree","East North Central"
3234896919.00,"Lottery A","No","Yes","Yes","No","Yes","No","Yes","Medium","Male","45-60",,"Some college or Associate degree","Pacific"
3234897017.00,"Lottery A","No","Yes","No","No","Yes","No","Yes","Medium rare","Male","45-60",,"Some college or Associate degree","South Atlantic"
3234897030.00,"Lottery A","No","Yes","No","No","Yes","No","Yes","Medium rare","Female","> 60","$100,000 - $149,999","Bachelor degree","New England"
3234897200.00,"Lottery A","No","Yes","No","No","Yes","No","Yes","Medium","Male","45-60",,"Bachelor degree","East North Central"
3234898162.00,"Lottery A","Yes","Yes","Yes","No","Yes","No","Yes","Medium rare","Male","45-60",,"Graduate degree","Pacific"
3234898344.00,"Lottery B","No","Yes","No","No","Yes","No","Yes","Rare","Male","> 60",,"Graduate degree","New England"
3234899145.00,"Lottery B","Yes","Yes","No","No","No","Yes","Yes","Medium rare","Male","18-29","$0 - $24,999","Some college or Associate degree","South Atlantic"
3234899967.00,"Lottery A","No","Yes","Yes","No","Yes","No","Yes","Medium","Male","> 60","$50,000 - $99,999","Bachelor degree","Pacific"
3234900347.00,"Lottery B","No","Yes","Yes","No","Yes","No","No",,"Male","45-60","$50,000 - $99,999","Graduate degree","South Atlantic"
3234900937.00,,"No","Yes","No","No","Yes","No","Yes","Medium rare",,,,,
3234904710.00,"Lottery B","No","Yes","Yes","No","Yes","No","Yes","Medium rare","Male","45-60",,"Some college or Associate degree","West South Central"
3234905473.00,"Lottery B","No","Yes","No","No","Yes","No","Yes","Medium","Male","18-29","$50,000 - $99,999","Some college or Associate degree","South Atlantic"
3234906064.00,"Lottery B","No","No",,"No","Yes","No","Yes","Medium Well","Male","> 60","$50,000 - $99,999","Some college or Associate degree","Mountain"
3234906252.00,"Lottery B",,,,,,,,,,,,,
3234907424.00,"Lottery A","Yes","No","No","Yes","No","Yes","Yes","Well","Male","18-29","$150,000+",,"Middle Atlantic"
3234908086.00,"Lottery A","No","Yes","No","No","Yes","Yes","Yes","Medium rare","Male","45-60","$50,000 - $99,999","Some college or Associate degree","Pacific"
3234908311.00,"Lottery B","No","Yes","Yes","No","Yes","No","Yes","Medium rare","Male","> 60","$50,000 - $99,999","Bachelor degree","East North Central"
3234908558.00,"Lottery A","No","Yes","No","No","Yes","No","Yes","Medium","Male","> 60",,"Graduate degree","East North Central"
3234910265.00,"Lottery B","No","No","No","No","Yes","Yes","Yes","Medium rare","Male","18-29","$100,000 - $149,999","Some college or Associate degree","West South Central"
3234910677.00,"Lottery A","No","Yes","Yes","No","Yes","No","Yes","Medium","Male","> 60","$100,000 - $149,999","Some college or Associate degree","East North Central"
3234910805.00,"Lottery A",,,,,,,,,,,,,
3234910999.00,"Lottery B","No","Yes","Yes","No","Yes","No","Yes","Medium","Male","> 60","$50,000 - $99,999","Bachelor degree","Pacific"
3234911072.00,"Lottery A","No","Yes","No","No","No","No","Yes","Medium rare","Male","45-60",,"High school degree","West South Central"
3234911137.00,"Lottery A","No","Yes","Yes","No","Yes","Yes","Yes","Medium","Male","45-60","$150,000+","Bachelor degree","South Atlantic"
3234914768.00,"Lottery A","No","Yes","Yes","No","Yes","No","Yes","Medium rare","Male","> 60","$150,000+","Bachelor degree","West North Central"
3234915418.00,"Lottery A","Yes","Yes","No","No","Yes","No","Yes","Medium Well","Male","> 60","$50,000 - $99,999","Graduate degree","Middle Atlantic"
3234915627.00,"Lottery B","No","Yes","Yes","No","Yes","No","Yes","Medium Well","Male","45-60",,"Some college or Associate degree","Middle Atlantic"
3234918715.00,"Lottery B","No","No","No","No","Yes","No","Yes","Medium Well","Male","45-60","$50,000 - $99,999","Bachelor degree","South Atlantic"
3234918764.00,"Lottery A","No","No","Yes","No","Yes","No","Yes","Medium rare","Male","45-60","$0 - $24,999","Some college or Associate degree","New England"
3234919737.00,"Lottery B","No","Yes","No","No","Yes","No","No",,"Male","18-29","$50,000 - $99,999","Some college or Associate degree","Middle Atlantic"
3234921008.00,"Lottery A","No","Yes","Yes","No","Yes","No","No",,"Male","30-44","$25,000 - $49,999","Some college or Associate degree","South Atlantic"
3234921417.00,"Lottery B","Yes","Yes","Yes","No","Yes","No","Yes","Medium","Male","30-44","$50,000 - $99,999","Some college or Associate degree","West South Central"
3234922346.00,"Lottery A","No","Yes","Yes","No","Yes","Yes","Yes","Medium Well","Male","45-60","$50,000 - $99,999","Some college or Associate degree","South Atlantic"
3234922412.00,"Lottery B","No","Yes","Yes","No","Yes","Yes","Yes","Medium","Male","> 60","$100,000 - $149,999","Bachelor degree","Pacific"
3234922597.00,"Lottery B","No","Yes","Yes","No","Yes","No","Yes","Medium rare","Male","> 60","$0 - $24,999","High school degree","West South Central"
3234923656.00,"Lottery B","No","Yes","Yes","No","No","No","Yes","Medium","Male","30-44","$50,000 - $99,999","Bachelor degree","Pacific"
3234923731.00,"Lottery B","No","No","Yes","No","Yes","No","No",,"Male","45-60","$0 - $24,999","Some college or Associate degree","South Atlantic"
3234924090.00,"Lottery A","No","Yes","Yes","No","Yes","No","Yes","Medium","Male","45-60","$50,000 - $99,999","Bachelor degree","Pacific"
3234924367.00,"Lottery A","No","Yes","Yes","No","Yes","No","No",,,,,,
3234924769.00,"Lottery A","No","Yes","Yes","Yes","Yes","No","Yes","Medium","Male","30-44","$100,000 - $149,999","Bachelor degree","South Atlantic"
3234925077.00,"Lottery A","No","Yes","Yes","No","Yes","No","No",,,,,,
3234925465.00,"Lottery A","Yes","Yes","Yes","No","No","Yes","Yes","Medium","Male","30-44",,"High school degree","East North Central"
3234926887.00,"Lottery B","No","No","No","No","Yes","No","Yes","Medium","Male","30-44","$50,000 - $99,999","Bachelor degree",
3234927933.00,"Lottery A","No","Yes","Yes","No","No","No","No",,"Male","45-60","$0 - $24,999","Bachelor degree","South Atlantic"
3234927960.00,"Lottery B","No","Yes","No","No","Yes","No","Yes","Well","Male","18-29","$25,000 - $49,999","High school degree","West South Central"
3234928339.00,"Lottery A","No","Yes","No","No","No","No","Yes","Medium","Male","18-29",,"Some college or Associate degree","Middle Atlantic"
3234928649.00,"Lottery B","No","No","No","No","No",,"Yes","Medium rare","Male","> 60",,"Graduate degree","New England"
3234928702.00,"Lottery A","No","Yes","Yes","No","Yes","No","Yes","Medium","Male","30-44","$50,000 - $99,999","Some college or Associate degree","East North Central"
3234928903.00,"Lottery B","Yes","Yes","Yes","No","Yes","No","No",,"Male","30-44",,"Bachelor degree","East North Central"
3234929241.00,"Lottery A","No","Yes","No","No","No","No","No",,,,,,
3234929351.00,"Lottery B","Yes","Yes","No","No","Yes","No","Yes","Medium","Male","45-60","$50,000 - $99,999","Graduate degree","East South Central"
3234930461.00,"Lottery A","No","No","No","No","Yes","No","Yes","Medium","Male","18-29","$0 - $24,999","Graduate degree","South Atlantic"
3234931630.00,"Lottery A","No","Yes","No","No","Yes","No","Yes","Medium","Male","> 60","$25,000 - $49,999","Graduate degree","East North Central"
3234932801.00,"Lottery B","Yes","Yes","Yes","No","No","No","Yes","Medium rare","Male","45-60","$50,000 - $99,999","Graduate degree","Middle Atlantic"
3234935254.00,"Lottery B","No","Yes","No","No","Yes","No","Yes","Medium","Male","45-60","$25,000 - $49,999","Bachelor degree","West South Central"
3234935763.00,"Lottery A","Yes","Yes","Yes","No","Yes","No","Yes","Medium Well","Male","18-29","$50,000 - $99,999","High school degree","West North Central"
3234936220.00,"Lottery B","No","No","No","No","Yes","No","Yes","Medium rare","Male","45-60","$0 - $24,999","Some college or Associate degree","East North Central"
3234936804.00,"Lottery B","No","No","No","No","Yes","No","Yes","Medium rare","Male","> 60","$25,000 - $49,999","Some college or Associate degree","Middle Atlantic"
3234937003.00,"Lottery A","Yes","Yes","Yes","No","Yes","No","Yes","Medium Well",,,,,
3234937709.00,"Lottery A","No","Yes","Yes","No","Yes","No","Yes","Medium rare","Male","18-29","$25,000 - $49,999","Bachelor degree","West North Central"
3234937720.00,"Lottery B","No","No","No","No","Yes","No","Yes","Medium rare","Male","30-44","$50,000 - $99,999","Graduate degree","South Atlantic"
3234938004.00,"Lottery B","Yes","Yes","No","No","Yes","No","No",,"Male","18-29","$150,000+","Some college or Associate degree","East North Central"
3234939289.00,"Lottery A","No","Yes","Yes","No","No","No","Yes","Medium rare","Male","18-29","$50,000 - $99,999","Bachelor degree","West North Central"
3234940805.00,"Lottery B","No","Yes","No","No","Yes","No","No",,"Male","18-29","$0 - $24,999","Some college or Associate degree","Pacific"
3234941615.00,"Lottery A","No","Yes","Yes","No","Yes","No","Yes","Medium","Male","18-29","$50,000 - $99,999","Bachelor degree","South Atlantic"
3234944270.00,"Lottery A","No","Yes","No","No","Yes","No","Yes","Medium Well","Male","18-29","$25,000 - $49,999","Some college or Associate degree","Mountain"
3234945250.00,"Lottery B","No","Yes","No","Yes","Yes","No","Yes","Medium Well","Male","> 60","$50,000 - $99,999","Bachelor degree","Pacific"
3234946739.00,"Lottery A","Yes","Yes","Yes","No","Yes","No","Yes","Rare","Male","18-29","$50,000 - $99,999","Graduate degree","Pacific"
3234947477.00,"Lottery B","No","Yes","Yes","Yes","Yes","No","Yes","Medium","Male","18-29","$50,000 - $99,999","Bachelor degree","West South Central"
3234948197.00,"Lottery A","No","No","Yes","No","Yes","No","Yes","Medium rare","Male","18-29","$100,000 - $149,999","Graduate degree","Middle Atlantic"
3234948883.00,"Lottery B","No","Yes","No","No","Yes","No","Yes","Medium rare","Male","> 60","$50,000 - $99,999","High school degree","South Atlantic"
3234951249.00,"Lottery B","No","Yes","Yes","No","No","No","Yes","Medium rare","Male","> 60","$25,000 - $49,999","Some college or Associate degree","Pacific"
3234953052.00,"Lottery A","Yes","Yes","Yes","No","Yes","No","Yes","Medium","Male","18-29","$50,000 - $99,999","Bachelor degree","East North Central"
3234955010.00,"Lottery A","No","Yes","Yes","Yes","Yes","No","Yes","Medium rare","Male","18-29","$25,000 - $49,999","Some college or Associate degree","West North Central"
3234955097.00,"Lottery A","No","Yes","No","No","Yes","Yes","No",,"Male","> 60","$150,000+","Graduate degree","New England"
3234955240.00,"Lottery A","No","No","No","No","Yes","No","Yes","Medium rare","Male","18-29","$0 - $24,999","Some college or Associate degree","West South Central"
3234958833.00,"Lottery B","No","Yes","No","No","Yes","Yes","Yes","Medium","Male","> 60","$50,000 - $99,999","Graduate degree","Middle Atlantic"
3234972383.00,"Lottery B","Yes","Yes","Yes","No","Yes","Yes","Yes","Medium","Male","> 60","$50,000 - $99,999","Bachelor degree","New England"
3234973379.00,"Lottery A","No","Yes","Yes","No","Yes","Yes","Yes","Rare","Male","> 60","$150,000+","Graduate degree","South Atlantic"
3234982343.00,"Lottery A","No","Yes","No","No","No","No","Yes","Medium rare","Male","> 60","$50,000 - $99,999","Some college or Associate degree","East North Central"
