"ID","season","week_num","day_of_week","gametime_local","home_team","away_team","home_score","away_score","OT_flag","arrests","division_game"
1,2011.00,1.00,"Sunday",12/30/1899 13:15:00,"Arizona","Carolina",28.00,21.00,,5.00,"n"
2,2011.00,4.00,"Sunday",12/30/1899 13:05:00,"Arizona","New York Giants",27.00,31.00,,6.00,"n"
3,2011.00,7.00,"Sunday",12/30/1899 13:05:00,"Arizona","Pittsburgh",20.00,32.00,,9.00,"n"
4,2011.00,9.00,"Sunday",12/30/1899 14:15:00,"Arizona","St. Louis",19.00,13.00,"OT",6.00,"y"
5,2011.00,13.00,"Sunday",12/30/1899 14:15:00,"Arizona","Dallas",19.00,13.00,"OT",3.00,"n"
6,2011.00,14.00,"Sunday",12/30/1899 14:05:00,"Arizona","San Francisco",21.00,19.00,,4.00,"y"
7,2011.00,15.00,"Sunday",12/30/1899 14:15:00,"Arizona","Cleveland",20.00,17.00,"OT",1.00,"n"
8,2011.00,17.00,"Sunday",12/30/1899 14:15:00,"Arizona","Seattle",23.00,20.00,"OT",4.00,"y"
9,2012.00,1.00,"Sunday",12/30/1899 13:25:00,"Arizona","Seattle",20.00,16.00,,0.00,"y"
10,2012.00,3.00,"Sunday",12/30/1899 13:05:00,"Arizona","Philadelphia",27.00,6.00,,12.00,"n"
11,2012.00,4.00,"Sunday",12/30/1899 13:05:00,"Arizona","Miami",24.00,21.00,"OT",4.00,"n"
12,2012.00,6.00,"Sunday",12/30/1899 13:05:00,"Arizona","Buffalo",19.00,16.00,"OT",1.00,"n"
13,2012.00,8.00,"Monday",12/30/1899 17:30:00,"Arizona","San Francisco",3.00,24.00,,3.00,"y"
14,2012.00,12.00,"Sunday",12/30/1899 14:25:00,"Arizona","St. Louis",17.00,31.00,,7.00,"y"
15,2012.00,15.00,"Sunday",12/30/1899 14:05:00,"Arizona","Detroit",38.00,10.00,,3.00,"n"
16,2012.00,16.00,"Sunday",12/30/1899 14:25:00,"Arizona","Chicago",13.00,28.00,,7.00,"n"
17,2013.00,2.00,"Sunday",12/30/1899 13:05:00,"Arizona","Detroit",25.00,21.00,,7.00,"n"
18,2013.00,5.00,"Sunday",12/30/1899 13:05:00,"Arizona","Carolina",22.00,6.00,,3.00,"n"
19,2013.00,7.00,"Thursday",12/30/1899 17:25:00,"Arizona","Seattle",22.00,34.00,,7.00,"y"
20,2013.00,8.00,"Sunday",12/30/1899 13:25:00,"Arizona","Atlanta",27.00,13.00,,2.00,"n"
21,2013.00,10.00,"Sunday",12/30/1899 14:25:00,"Arizona","Houston",27.00,24.00,,3.00,"n"
22,2013.00,12.00,"Sunday",12/30/1899 14:05:00,"Arizona","Indianapolis",40.00,11.00,,2.00,"n"
23,2013.00,14.00,"Sunday",12/30/1899 14:25:00,"Arizona","St. Louis",30.00,10.00,,4.00,"y"
24,2013.00,17.00,"Sunday",12/30/1899 14:25:00,"Arizona","San Francisco",20.00,23.00,,7.00,"y"
25,2014.00,1.00,"Monday",12/30/1899 19:20:00,"Arizona","San Diego",18.00,17.00,,4.00,"n"
26,2014.00,3.00,"Sunday",12/30/1899 13:05:00,"Arizona","San Francisco",23.00,14.00,,6.00,"y"
27,2014.00,6.00,"Sunday",12/30/1899 13:25:00,"Arizona","Washington",30.00,20.00,,4.00,"n"
28,2014.00,8.00,"Sunday",12/30/1899 13:05:00,"Arizona","Philadelphia",24.00,20.00,,2.00,"n"
29,2014.00,10.00,"Sunday",12/30/1899 14:25:00,"Arizona","St. Louis",31.00,14.00,,1.00,"y"
30,2014.00,11.00,"Sunday",12/30/1899 14:25:00,"Arizona","Detroit",14.00,6.00,,6.00,"n"
31,2014.00,14.00,"Sunday",12/30/1899 14:05:00,"Arizona","Kansas City",17.00,14.00,,2.00,"n"
32,2014.00,16.00,"Sunday",12/30/1899 18:30:00,"Arizona","Seattle",6.00,35.00,,4.00,"y"
33,2015.00,1.00,"Sunday",12/30/1899 13:05:00,"Arizona","New Orleans",31.00,19.00,,3.00,"n"
34,2015.00,3.00,"Sunday",12/30/1899 13:05:00,"Arizona","San Francisco",47.00,7.00,,10.00,"y"
35,2015.00,4.00,"Sunday",12/30/1899 13:25:00,"Arizona","St. Louis",22.00,24.00,,3.00,"y"
36,2015.00,7.00,"Monday",12/30/1899 17:30:00,"Arizona","Baltimore",26.00,18.00,,2.00,"n"
37,2015.00,11.00,"Sunday",12/30/1899 18:30:00,"Arizona","Cincinnati",34.00,31.00,,2.00,"n"
38,2015.00,14.00,"Thursday",12/30/1899 18:30:00,"Arizona","Minnesota",23.00,20.00,,0.00,"n"
39,2015.00,16.00,"Sunday",12/30/1899 14:25:00,"Arizona","Green Bay",38.00,8.00,,5.00,"n"
40,2015.00,17.00,"Sunday",12/30/1899 14:25:00,"Arizona","Seattle",6.00,36.00,,2.00,"y"
41,2011.00,1.00,"Sunday",12/30/1899 13:05:00,"Baltimore","Pittsburgh",35.00,7.00,,1.00,"y"
42,2011.00,4.00,"Sunday",12/30/1899 20:20:00,"Baltimore","New York Jets",34.00,17.00,,0.00,"n"
43,2011.00,6.00,"Sunday",12/30/1899 16:05:00,"Baltimore","Houston",29.00,14.00,,0.00,"n"
44,2011.00,8.00,"Sunday",12/30/1899 13:00:00,"Baltimore","Arizona",30.00,27.00,,0.00,"n"
45,2011.00,11.00,"Sunday",12/30/1899 13:00:00,"Baltimore","Cincinnati",31.00,24.00,,2.00,"y"
46,2011.00,12.00,"Thursday",12/30/1899 20:20:00,"Baltimore","San Francisco",16.00,6.00,,0.00,"n"
47,2011.00,14.00,"Sunday",12/30/1899 13:00:00,"Baltimore","Indianapolis",24.00,10.00,,0.00,"n"
48,2011.00,16.00,"Sunday",12/30/1899 13:00:00,"Baltimore","Cleveland",20.00,14.00,,0.00,"y"
49,2013.00,2.00,"Sunday",12/30/1899 13:00:00,"Baltimore","Cleveland",14.00,6.00,,3.00,"y"
50,2013.00,6.00,"Sunday",12/30/1899 13:00:00,"Baltimore","Green Bay",17.00,19.00,,1.00,"n"
51,2013.00,10.00,"Sunday",12/30/1899 13:00:00,"Baltimore","Cincinnati",20.00,17.00,"OT",0.00,"y"
52,2013.00,12.00,"Sunday",12/30/1899 13:00:00,"Baltimore","New York Jets",19.00,3.00,,3.00,"n"
53,2013.00,13.00,"Thursday",12/30/1899 20:30:00,"Baltimore","Pittsburgh",22.00,20.00,,5.00,"y"
54,2013.00,14.00,"Sunday",12/30/1899 13:00:00,"Baltimore","Minnesota",29.00,26.00,,0.00,"n"
55,2013.00,16.00,"Sunday",12/30/1899 16:25:00,"Baltimore","New England",7.00,41.00,,8.00,"n"
56,2014.00,1.00,"Sunday",12/30/1899 13:00:00,"Baltimore","Cincinnati",16.00,23.00,,0.00,"y"
57,2014.00,2.00,"Thursday",12/30/1899 20:25:00,"Baltimore","Pittsburgh",26.00,6.00,,4.00,"y"
58,2014.00,4.00,"Sunday",12/30/1899 13:00:00,"Baltimore","Carolina",38.00,10.00,,5.00,"n"
59,2014.00,7.00,"Sunday",12/30/1899 13:00:00,"Baltimore","Atlanta",29.00,7.00,,0.00,"n"
60,2014.00,10.00,"Sunday",12/30/1899 13:00:00,"Baltimore","Tennessee",21.00,7.00,,0.00,"n"
61,2014.00,13.00,"Sunday",12/30/1899 13:00:00,"Baltimore","San Diego",33.00,34.00,,0.00,"n"
62,2014.00,15.00,"Sunday",12/30/1899 13:00:00,"Baltimore","Jacksonville",20.00,12.00,,1.00,"n"
63,2014.00,17.00,"Sunday",12/30/1899 13:00:00,"Baltimore","Cleveland",20.00,10.00,,0.00,"y"
64,2015.00,3.00,"Sunday",12/30/1899 13:02:00,"Baltimore","Cincinnati",24.00,28.00,,0.00,"y"
65,2015.00,5.00,"Sunday",12/30/1899 13:02:00,"Baltimore","Cleveland",30.00,33.00,"OT",3.00,"y"
66,2015.00,8.00,"Sunday",12/30/1899 13:02:00,"Baltimore","San Diego",29.00,26.00,,0.00,"n"
67,2015.00,10.00,"Sunday",12/30/1899 13:05:00,"Baltimore","Jacksonville",20.00,22.00,,6.00,"n"
68,2015.00,11.00,"Sunday",12/30/1899 13:02:00,"Baltimore","St. Louis",16.00,13.00,,0.00,"n"
69,2015.00,14.00,"Sunday",12/30/1899 13:00:00,"Baltimore","Seattle",6.00,35.00,,0.00,"n"
70,2015.00,15.00,"Sunday",12/30/1899 13:00:00,"Baltimore","Kansas City",14.00,34.00,,0.00,"n"
71,2015.00,16.00,"Sunday",12/30/1899 13:00:00,"Baltimore","Pittsburgh",20.00,17.00,,4.00,"y"
72,2011.00,2.00,"Sunday",12/30/1899 13:00:00,"Carolina","Green Bay",23.00,30.00,,0.00,"n"
73,2011.00,3.00,"Sunday",12/30/1899 13:00:00,"Carolina","Jacksonville",16.00,10.00,,0.00,"n"
74,2011.00,5.00,"Sunday",12/30/1899 13:00:00,"Carolina","New Orleans",27.00,30.00,,0.00,"y"
75,2011.00,7.00,"Sunday",12/30/1899 13:00:00,"Carolina","Washington",33.00,20.00,,0.00,"n"
76,2011.00,8.00,"Sunday",12/30/1899 13:00:00,"Carolina","Minnesota",21.00,24.00,,0.00,"n"
77,2011.00,10.00,"Sunday",12/30/1899 13:00:00,"Carolina","Tennessee",3.00,30.00,,0.00,"n"
78,2011.00,14.00,"Sunday",12/30/1899 13:00:00,"Carolina","Atlanta",23.00,31.00,,2.00,"y"
79,2011.00,16.00,"Saturday",12/30/1899 13:00:00,"Carolina","Tampa Bay",48.00,16.00,,0.00,"y"
80,2012.00,2.00,"Sunday",12/30/1899 13:00:00,"Carolina","New Orleans",35.00,27.00,,1.00,"y"
81,2012.00,3.00,"Thursday",12/30/1899 20:20:00,"Carolina","New York Giants",7.00,36.00,,1.00,"n"
82,2012.00,5.00,"Sunday",12/30/1899 16:05:00,"Carolina","Seattle",12.00,16.00,,1.00,"n"
83,2012.00,7.00,"Sunday",12/30/1899 13:00:00,"Carolina","Dallas",14.00,19.00,,4.00,"n"
84,2012.00,10.00,"Sunday",12/30/1899 13:00:00,"Carolina","Denver",14.00,36.00,,1.00,"n"
85,2012.00,11.00,"Sunday",12/30/1899 13:00:00,"Carolina","Tampa Bay",21.00,27.00,"OT",0.00,"y"
86,2012.00,14.00,"Sunday",12/30/1899 13:00:00,"Carolina","Atlanta",30.00,20.00,,0.00,"y"
87,2012.00,16.00,"Sunday",12/30/1899 13:00:00,"Carolina","Oakland",17.00,6.00,,1.00,"n"
88,2013.00,1.00,"Sunday",12/30/1899 13:00:00,"Carolina","Seattle",7.00,12.00,,1.00,"n"
89,2013.00,3.00,"Sunday",12/30/1899 13:00:00,"Carolina","New York Giants",38.00,0.00,,5.00,"n"
90,2013.00,7.00,"Sunday",12/30/1899 13:00:00,"Carolina","St. Louis",30.00,15.00,,1.00,"n"
91,2013.00,9.00,"Sunday",12/30/1899 13:00:00,"Carolina","Atlanta",34.00,10.00,,3.00,"y"
92,2013.00,11.00,"Monday",12/30/1899 20:40:00,"Carolina","New England",24.00,20.00,,3.00,"n"
93,2013.00,13.00,"Sunday",12/30/1899 13:00:00,"Carolina","Tampa Bay",27.00,6.00,,0.00,"y"
94,2013.00,15.00,"Sunday",12/30/1899 16:05:00,"Carolina","New York Jets",30.00,20.00,,2.00,"n"
95,2013.00,16.00,"Sunday",12/30/1899 13:00:00,"Carolina","New Orleans",17.00,13.00,,1.00,"y"
96,2014.00,2.00,"Sunday",12/30/1899 13:00:00,"Carolina","Detroit",24.00,7.00,,1.00,"n"
97,2014.00,3.00,"Sunday",12/30/1899 20:30:00,"Carolina","Pittsburgh",19.00,37.00,,5.00,"n"
98,2014.00,5.00,"Sunday",12/30/1899 13:00:00,"Carolina","Chicago",31.00,24.00,,1.00,"n"
99,2014.00,8.00,"Sunday",12/30/1899 13:00:00,"Carolina","Seattle",9.00,13.00,,2.00,"n"
100,2014.00,9.00,"Thursday",12/30/1899 20:25:00,"Carolina","New Orleans",10.00,28.00,,1.00,"y"
101,2014.00,11.00,"Sunday",12/30/1899 13:00:00,"Carolina","Atlanta",17.00,19.00,,0.00,"y"
102,2014.00,15.00,"Sunday",12/30/1899 13:00:00,"Carolina","Tampa Bay",19.00,17.00,,0.00,"y"
103,2014.00,16.00,"Sunday",12/30/1899 13:00:00,"Carolina","Cleveland",17.00,13.00,,0.00,"n"
104,2015.00,2.00,"Sunday",12/30/1899 13:00:00,"Carolina","Houston",24.00,17.00,,0.00,"n"
105,2015.00,3.00,"Sunday",12/30/1899 13:00:00,"Carolina","New Orleans",27.00,22.00,,0.00,"y"
106,2015.00,7.00,"Sunday",12/30/1899 20:30:00,"Carolina","Philadelphia",27.00,16.00,,4.00,"n"
107,2015.00,8.00,"Monday",12/30/1899 20:30:00,"Carolina","Indianapolis",29.00,26.00,"OT",6.00,"n"
108,2015.00,9.00,"Sunday",12/30/1899 13:00:00,"Carolina","Green Bay",37.00,29.00,,2.00,"n"
109,2015.00,11.00,"Sunday",12/30/1899 13:00:00,"Carolina","Washington",33.00,14.00,,3.00,"n"
110,2015.00,14.00,"Sunday",12/30/1899 13:00:00,"Carolina","Atlanta",38.00,0.00,,0.00,"y"
111,2015.00,17.00,"Sunday",12/30/1899 16:25:00,"Carolina","Tampa Bay",38.00,10.00,,3.00,"y"
112,2011.00,1.00,"Sunday",12/30/1899 12:00:00,"Chicago","Atlanta",30.00,12.00,,1.00,"n"
113,2011.00,3.00,"Sunday",12/30/1899 15:25:00,"Chicago","Green Bay",17.00,27.00,,0.00,"y"
114,2011.00,4.00,"Sunday",12/30/1899 12:00:00,"Chicago","Carolina",34.00,29.00,,1.00,"n"
115,2011.00,6.00,"Sunday",12/30/1899 19:20:00,"Chicago","Minnesota",39.00,10.00,,0.00,"y"
116,2011.00,10.00,"Sunday",12/30/1899 15:15:00,"Chicago","Detroit",37.00,13.00,,0.00,"y"
117,2011.00,11.00,"Sunday",12/30/1899 15:15:00,"Chicago","San Diego",31.00,20.00,,0.00,"n"
118,2011.00,13.00,"Sunday",12/30/1899 12:00:00,"Chicago","Kansas City",3.00,10.00,,0.00,"n"
119,2011.00,15.00,"Sunday",12/30/1899 12:00:00,"Chicago","Seattle",14.00,38.00,,1.00,"n"
120,2012.00,1.00,"Sunday",12/30/1899 12:00:00,"Chicago","Indianapolis",41.00,21.00,,0.00,"n"
121,2012.00,3.00,"Sunday",12/30/1899 12:00:00,"Chicago","St. Louis",23.00,6.00,,1.00,"n"
122,2012.00,7.00,"Monday",12/30/1899 19:30:00,"Chicago","Detroit",13.00,7.00,,1.00,"y"
123,2012.00,8.00,"Sunday",12/30/1899 12:00:00,"Chicago","Carolina",23.00,22.00,,0.00,"n"
124,2012.00,10.00,"Sunday",12/30/1899 19:20:00,"Chicago","Houston",6.00,13.00,,3.00,"n"
125,2012.00,12.00,"Sunday",12/30/1899 12:00:00,"Chicago","Minnesota",28.00,10.00,,1.00,"y"
126,2012.00,13.00,"Sunday",12/30/1899 12:00:00,"Chicago","Seattle",17.00,23.00,"OT",0.00,"n"
127,2012.00,15.00,"Sunday",12/30/1899 12:00:00,"Chicago","Green Bay",13.00,21.00,,2.00,"y"
128,2013.00,1.00,"Sunday",12/30/1899 12:00:00,"Chicago","Cincinnati",24.00,21.00,,0.00,"n"
129,2013.00,2.00,"Sunday",12/30/1899 12:00:00,"Chicago","Minnesota",31.00,30.00,,0.00,"y"
130,2013.00,5.00,"Sunday",12/30/1899 12:00:00,"Chicago","New Orleans",18.00,26.00,,0.00,"n"
131,2013.00,6.00,"Thursday",12/30/1899 19:25:00,"Chicago","New York Giants",27.00,21.00,,2.00,"n"
132,2013.00,10.00,"Sunday",12/30/1899 12:00:00,"Chicago","Detroit",19.00,21.00,,0.00,"y"
133,2013.00,11.00,"Sunday",12/30/1899 12:00:00,"Chicago","Baltimore",23.00,10.00,"OT",2.00,"n"
134,2013.00,14.00,"Monday",12/30/1899 19:40:00,"Chicago","Dallas",45.00,28.00,,1.00,"n"
135,2013.00,17.00,"Sunday",12/30/1899 15:25:00,"Chicago","Green Bay",28.00,33.00,,2.00,"y"
136,2014.00,1.00,"Sunday",12/30/1899 12:00:00,"Chicago","Buffalo",20.00,23.00,"OT",1.00,"n"
137,2014.00,4.00,"Sunday",12/30/1899 12:00:00,"Chicago","Green Bay",17.00,38.00,,1.00,"y"
138,2014.00,7.00,"Sunday",12/30/1899 12:00:00,"Chicago","Miami",14.00,27.00,,0.00,"n"
139,2014.00,11.00,"Sunday",12/30/1899 12:00:00,"Chicago","Minnesota",21.00,13.00,,2.00,"y"
140,2014.00,12.00,"Sunday",12/30/1899 12:00:00,"Chicago","Tampa Bay",21.00,13.00,,1.00,"n"
141,2014.00,14.00,"Thursday",12/30/1899 19:25:00,"Chicago","Dallas",28.00,41.00,,0.00,"n"
142,2014.00,15.00,"Monday",12/30/1899 19:30:00,"Chicago","New Orleans",15.00,31.00,,2.00,"n"
143,2014.00,16.00,"Sunday",12/30/1899 12:00:00,"Chicago","Detroit",14.00,20.00,,1.00,"y"
144,2011.00,3.00,"Sunday",12/30/1899 13:02:00,"Cincinnati","San Francisco",8.00,13.00,,3.00,"n"
145,2011.00,4.00,"Sunday",12/30/1899 13:03:00,"Cincinnati","Buffalo",23.00,20.00,,0.00,"n"
146,2011.00,6.00,"Sunday",12/30/1899 13:02:00,"Cincinnati","Indianapolis",27.00,17.00,,1.00,"n"
147,2011.00,10.00,"Sunday",12/30/1899 13:02:00,"Cincinnati","Pittsburgh",17.00,24.00,,2.00,"y"
148,2011.00,12.00,"Sunday",12/30/1899 13:02:00,"Cincinnati","Cleveland",23.00,20.00,,3.00,"y"
149,2011.00,14.00,"Sunday",12/30/1899 13:02:00,"Cincinnati","Houston",19.00,20.00,,0.00,"n"
150,2011.00,16.00,"Sunday",12/30/1899 13:02:00,"Cincinnati","Arizona",23.00,16.00,,0.00,"n"
151,2011.00,17.00,"Sunday",12/30/1899 16:16:00,"Cincinnati","Baltimore",16.00,24.00,,0.00,"y"
152,2012.00,2.00,"Sunday",12/30/1899 13:00:00,"Cincinnati","Cleveland",34.00,27.00,,3.00,"y"
153,2012.00,5.00,"Sunday",12/30/1899 13:00:00,"Cincinnati","Miami",13.00,17.00,,0.00,"n"
154,2012.00,7.00,"Sunday",12/30/1899 20:20:00,"Cincinnati","Pittsburgh",17.00,24.00,,0.00,"y"
155,2012.00,9.00,"Sunday",12/30/1899 13:00:00,"Cincinnati","Denver",23.00,31.00,,2.00,"n"
156,2012.00,10.00,"Sunday",12/30/1899 13:00:00,"Cincinnati","New York Giants",31.00,13.00,,4.00,"n"
157,2012.00,12.00,"Sunday",12/30/1899 13:00:00,"Cincinnati","Oakland",34.00,10.00,,3.00,"n"
158,2012.00,14.00,"Sunday",12/30/1899 13:00:00,"Cincinnati","Dallas",19.00,20.00,,3.00,"n"
159,2012.00,17.00,"Sunday",12/30/1899 13:00:00,"Cincinnati","Baltimore",23.00,17.00,,1.00,"y"
160,2013.00,2.00,"Monday",12/30/1899 20:40:00,"Cincinnati","Pittsburgh",20.00,10.00,,3.00,"y"
161,2013.00,3.00,"Sunday",12/30/1899 13:00:00,"Cincinnati","Green Bay",34.00,30.00,,1.00,"n"
162,2013.00,5.00,"Sunday",12/30/1899 13:00:00,"Cincinnati","New England",13.00,6.00,,0.00,"n"
163,2013.00,8.00,"Sunday",12/30/1899 16:05:00,"Cincinnati","New York Jets",49.00,9.00,,1.00,"n"
164,2013.00,11.00,"Sunday",12/30/1899 13:00:00,"Cincinnati","Cleveland",41.00,20.00,,0.00,"y"
165,2013.00,14.00,"Sunday",12/30/1899 13:00:00,"Cincinnati","Indianapolis",42.00,28.00,,1.00,"n"
166,2013.00,16.00,"Sunday",12/30/1899 13:00:00,"Cincinnati","Minnesota",42.00,14.00,,0.00,"n"
167,2013.00,17.00,"Sunday",12/30/1899 13:00:00,"Cincinnati","Baltimore",34.00,17.00,,0.00,"y"
168,2014.00,2.00,"Sunday",12/30/1899 13:00:00,"Cincinnati","Atlanta",24.00,10.00,,4.00,"n"
169,2014.00,3.00,"Sunday",12/30/1899 13:00:00,"Cincinnati","Tennessee",33.00,7.00,,0.00,"n"
170,2014.00,6.00,"Sunday",12/30/1899 13:00:00,"Cincinnati","Carolina",37.00,37.00,"OT",1.00,"n"
171,2014.00,8.00,"Sunday",12/30/1899 13:00:00,"Cincinnati","Baltimore",27.00,24.00,,1.00,"y"
172,2014.00,9.00,"Sunday",12/30/1899 13:00:00,"Cincinnati","Jacksonville",33.00,23.00,,1.00,"n"
173,2014.00,10.00,"Thursday",12/30/1899 20:25:00,"Cincinnati","Cleveland",3.00,24.00,,10.00,"y"
174,2014.00,14.00,"Sunday",12/30/1899 13:00:00,"Cincinnati","Pittsburgh",21.00,42.00,,6.00,"y"
175,2014.00,16.00,"Monday",12/30/1899 20:30:00,"Cincinnati","Denver",37.00,28.00,,0.00,"n"
176,2015.00,2.00,"Sunday",12/30/1899 13:00:00,"Cincinnati","San Diego",24.00,19.00,,1.00,"n"
177,2015.00,4.00,"Sunday",12/30/1899 13:00:00,"Cincinnati","Kansas City",36.00,21.00,,1.00,"n"
178,2015.00,5.00,"Sunday",12/30/1899 13:00:00,"Cincinnati","Seattle",27.00,24.00,,1.00,"n"
179,2015.00,9.00,"Thursday",12/30/1899 20:25:00,"Cincinnati","Cleveland",31.00,10.00,,0.00,"y"
180,2015.00,10.00,"Monday",12/30/1899 20:30:00,"Cincinnati","Houston",6.00,10.00,,0.00,"n"
181,2015.00,12.00,"Sunday",12/30/1899 13:00:00,"Cincinnati","St. Louis",31.00,7.00,,0.00,"n"
182,2015.00,14.00,"Sunday",12/30/1899 13:00:00,"Cincinnati","Pittsburgh",20.00,33.00,,0.00,"y"
183,2015.00,17.00,"Sunday",12/30/1899 13:00:00,"Cincinnati","Baltimore",24.00,16.00,,0.00,"y"
184,2011.00,3.00,"Monday",12/30/1899 19:30:00,"Dallas","Washington",18.00,16.00,,1.00,"y"
185,2011.00,4.00,"Sunday",12/30/1899 12:00:00,"Dallas","Detroit",30.00,34.00,,1.00,"n"
186,2011.00,7.00,"Sunday",12/30/1899 15:15:00,"Dallas","St. Louis",34.00,7.00,,0.00,"n"
187,2011.00,9.00,"Sunday",12/30/1899 12:00:00,"Dallas","Seattle",23.00,13.00,,1.00,"n"
188,2011.00,10.00,"Sunday",12/30/1899 12:00:00,"Dallas","Buffalo",44.00,7.00,,2.00,"n"
189,2011.00,12.00,"Thursday",12/30/1899 15:15:00,"Dallas","Miami",20.00,19.00,,0.00,"n"
190,2011.00,14.00,"Sunday",12/30/1899 19:20:00,"Dallas","New York Giants",34.00,37.00,,0.00,"y"
191,2011.00,16.00,"Saturday",12/30/1899 15:15:00,"Dallas","Philadelphia",7.00,20.00,,0.00,"y"
192,2012.00,3.00,"Sunday",12/30/1899 12:00:00,"Dallas","Tampa Bay",16.00,10.00,,4.00,"n"
193,2012.00,4.00,"Monday",12/30/1899 19:30:00,"Dallas","Chicago",18.00,34.00,,6.00,"n"
194,2012.00,8.00,"Sunday",12/30/1899 15:25:00,"Dallas","New York Giants",24.00,29.00,,15.00,"y"
195,2012.00,11.00,"Sunday",12/30/1899 12:00:00,"Dallas","Cleveland",23.00,20.00,"OT",0.00,"n"
196,2012.00,12.00,"Thursday",12/30/1899 15:25:00,"Dallas","Washington",31.00,38.00,,5.00,"y"
197,2012.00,13.00,"Sunday",12/30/1899 19:20:00,"Dallas","Philadelphia",38.00,33.00,,15.00,"y"
198,2012.00,15.00,"Sunday",12/30/1899 15:25:00,"Dallas","Pittsburgh",27.00,24.00,"OT",13.00,"n"
199,2012.00,16.00,"Sunday",12/30/1899 12:00:00,"Dallas","New Orleans",31.00,34.00,"OT",0.00,"n"
200,2013.00,1.00,"Sunday",12/30/1899 19:20:00,"Dallas","New York Giants",36.00,31.00,,9.00,"y"
201,2013.00,3.00,"Sunday",12/30/1899 12:00:00,"Dallas","St. Louis",31.00,7.00,,0.00,"n"
202,2013.00,5.00,"Sunday",12/30/1899 15:25:00,"Dallas","Denver",48.00,51.00,,0.00,"n"
203,2013.00,6.00,"Sunday",12/30/1899 19:20:00,"Dallas","Washington",31.00,16.00,,0.00,"y"
204,2013.00,9.00,"Sunday",12/30/1899 12:00:00,"Dallas","Minnesota",27.00,23.00,,1.00,"n"
205,2013.00,13.00,"Thursday",12/30/1899 15:30:00,"Dallas","Oakland",31.00,24.00,,8.00,"n"
206,2013.00,15.00,"Sunday",12/30/1899 15:25:00,"Dallas","Green Bay",36.00,37.00,,5.00,"n"
207,2013.00,17.00,"Sunday",12/30/1899 19:30:00,"Dallas","Philadelphia",22.00,24.00,,9.00,"y"
208,2014.00,1.00,"Sunday",12/30/1899 15:25:00,"Dallas","San Francisco",17.00,28.00,,2.00,"n"
209,2014.00,4.00,"Sunday",12/30/1899 19:30:00,"Dallas","New Orleans",38.00,17.00,,7.00,"n"
210,2014.00,5.00,"Sunday",12/30/1899 12:00:00,"Dallas","Houston",20.00,17.00,"OT",7.00,"n"
211,2014.00,7.00,"Sunday",12/30/1899 15:25:00,"Dallas","New York Giants",31.00,21.00,,3.00,"y"
212,2014.00,8.00,"Monday",12/30/1899 19:30:00,"Dallas","Washington",17.00,20.00,"OT",3.00,"y"
213,2014.00,9.00,"Sunday",12/30/1899 12:00:00,"Dallas","Arizona",17.00,28.00,,2.00,"n"
214,2014.00,13.00,"Thursday",12/30/1899 15:30:00,"Dallas","Philadelphia",10.00,33.00,,0.00,"y"
215,2014.00,16.00,"Sunday",12/30/1899 15:25:00,"Dallas","Indianapolis",42.00,7.00,,1.00,"n"
216,2015.00,1.00,"Sunday",12/30/1899 19:30:00,"Dallas","New York Giants",27.00,26.00,,13.00,"y"
217,2015.00,3.00,"Sunday",12/30/1899 12:00:00,"Dallas","Atlanta",28.00,39.00,,3.00,"n"
218,2015.00,5.00,"Sunday",12/30/1899 15:25:00,"Dallas","New England",6.00,30.00,,7.00,"n"
219,2015.00,8.00,"Sunday",12/30/1899 15:25:00,"Dallas","Seattle",12.00,13.00,,8.00,"n"
220,2015.00,9.00,"Sunday",12/30/1899 19:30:00,"Dallas","Philadelphia",27.00,33.00,"OT",8.00,"y"
221,2015.00,12.00,"Thursday",12/30/1899 15:30:00,"Dallas","Carolina",14.00,33.00,,5.00,"n"
222,2015.00,15.00,"Saturday",12/30/1899 19:25:00,"Dallas","New York Jets",16.00,19.00,,4.00,"n"
223,2015.00,17.00,"Sunday",12/30/1899 12:00:00,"Dallas","Washington",23.00,34.00,,1.00,"y"
224,2011.00,1.00,"Monday",12/30/1899 20:15:00,"Denver","Oakland",20.00,23.00,,2.00,"y"
225,2011.00,2.00,"Sunday",12/30/1899 14:15:00,"Denver","Cincinnati",24.00,22.00,,0.00,"n"
226,2011.00,5.00,"Sunday",12/30/1899 14:15:00,"Denver","San Diego",24.00,29.00,,0.00,"y"
227,2011.00,8.00,"Sunday",12/30/1899 14:05:00,"Denver","Detroit",10.00,45.00,,0.00,"n"
228,2011.00,11.00,"Thursday",12/30/1899 18:20:00,"Denver","New York Jets",17.00,13.00,,2.00,"n"
229,2011.00,14.00,"Sunday",12/30/1899 14:05:00,"Denver","Chicago",13.00,10.00,"OT",0.00,"n"
230,2011.00,15.00,"Sunday",12/30/1899 14:15:00,"Denver","New England",23.00,41.00,,0.00,"n"
231,2011.00,17.00,"Sunday",12/30/1899 14:15:00,"Denver","Kansas City",3.00,7.00,,0.00,"y"
232,2012.00,1.00,"Sunday",12/30/1899 18:20:00,"Denver","Pittsburgh",31.00,19.00,,4.00,"n"
233,2012.00,3.00,"Sunday",12/30/1899 14:25:00,"Denver","Houston",25.00,31.00,,1.00,"n"
234,2012.00,4.00,"Sunday",12/30/1899 14:05:00,"Denver","Oakland",37.00,6.00,,4.00,"y"
235,2012.00,8.00,"Sunday",12/30/1899 18:20:00,"Denver","New Orleans",34.00,14.00,,0.00,"n"
236,2012.00,11.00,"Sunday",12/30/1899 14:25:00,"Denver","San Diego",36.00,14.00,,0.00,"y"
237,2012.00,13.00,"Sunday",12/30/1899 14:05:00,"Denver","Tampa Bay",31.00,23.00,,0.00,"n"
238,2012.00,16.00,"Sunday",12/30/1899 14:05:00,"Denver","Cleveland",34.00,12.00,,3.00,"n"
239,2012.00,17.00,"Sunday",12/30/1899 14:25:00,"Denver","Kansas City",38.00,3.00,,0.00,"y"
240,2013.00,1.00,"Thursday",12/30/1899 18:30:00,"Denver","Baltimore",49.00,27.00,,5.00,"n"
241,2013.00,3.00,"Monday",12/30/1899 18:40:00,"Denver","Oakland",37.00,21.00,,8.00,"y"
242,2013.00,4.00,"Sunday",12/30/1899 14:25:00,"Denver","Philadelphia",52.00,20.00,,11.00,"n"
243,2013.00,6.00,"Sunday",12/30/1899 14:05:00,"Denver","Jacksonville",35.00,19.00,,5.00,"n"
244,2013.00,8.00,"Sunday",12/30/1899 14:25:00,"Denver","Washington",45.00,21.00,,2.00,"n"
245,2013.00,11.00,"Sunday",12/30/1899 18:30:00,"Denver","Kansas City",27.00,17.00,,5.00,"y"
246,2013.00,14.00,"Sunday",12/30/1899 14:05:00,"Denver","Tennessee",51.00,28.00,,1.00,"n"
247,2013.00,15.00,"Thursday",12/30/1899 18:25:00,"Denver","San Diego",20.00,27.00,,3.00,"y"
248,2014.00,1.00,"Sunday",12/30/1899 18:30:00,"Denver","Indianapolis",31.00,24.00,,1.00,"n"
249,2014.00,2.00,"Sunday",12/30/1899 14:25:00,"Denver","Kansas City",24.00,17.00,,1.00,"y"
250,2014.00,5.00,"Sunday",12/30/1899 14:05:00,"Denver","Arizona",41.00,20.00,,7.00,"n"
251,2014.00,7.00,"Sunday",12/30/1899 18:30:00,"Denver","San Francisco",42.00,17.00,,6.00,"n"
252,2014.00,8.00,"Thursday",12/30/1899 18:25:00,"Denver","San Diego",35.00,21.00,,6.00,"y"
253,2014.00,12.00,"Sunday",12/30/1899 14:25:00,"Denver","Miami",39.00,36.00,,1.00,"n"
254,2014.00,14.00,"Sunday",12/30/1899 14:05:00,"Denver","Buffalo",24.00,17.00,,4.00,"n"
255,2014.00,17.00,"Sunday",12/30/1899 14:25:00,"Denver","Oakland",47.00,14.00,,7.00,"y"
256,2015.00,1.00,"Sunday",12/30/1899 14:25:00,"Denver","Baltimore",19.00,13.00,,3.00,"n"
257,2015.00,4.00,"Sunday",12/30/1899 14:25:00,"Denver","Minnesota",23.00,20.00,,2.00,"n"
258,2015.00,8.00,"Sunday",12/30/1899 18:30:00,"Denver","Green Bay",29.00,10.00,,0.00,"n"
259,2015.00,10.00,"Sunday",12/30/1899 14:25:00,"Denver","Kansas City",13.00,29.00,,4.00,"y"
260,2015.00,12.00,"Sunday",12/30/1899 18:30:00,"Denver","New England",30.00,24.00,"OT",3.00,"n"
261,2015.00,14.00,"Sunday",12/30/1899 14:05:00,"Denver","Oakland",12.00,15.00,,3.00,"y"
262,2015.00,16.00,"Monday",12/30/1899 18:30:00,"Denver","Cincinnati",20.00,17.00,"OT",1.00,"n"
263,2015.00,17.00,"Sunday",12/30/1899 14:25:00,"Denver","San Diego",27.00,20.00,,0.00,"y"
264,2011.00,2.00,"Sunday",12/30/1899 13:00:00,"Detroit","Kansas City",48.00,3.00,,,"n"
265,2011.00,5.00,"Monday",12/30/1899 20:30:00,"Detroit","Chicago",24.00,13.00,,,"y"
266,2011.00,6.00,"Sunday",12/30/1899 13:00:00,"Detroit","San Francisco",19.00,25.00,,,"n"
267,2011.00,7.00,"Sunday",12/30/1899 13:00:00,"Detroit","Atlanta",16.00,23.00,,,"n"
268,2011.00,11.00,"Sunday",12/30/1899 13:00:00,"Detroit","Carolina",49.00,35.00,,,"n"
269,2011.00,12.00,"Thursday",12/30/1899 12:30:00,"Detroit","Green Bay",15.00,27.00,,,"y"
270,2011.00,14.00,"Sunday",12/30/1899 13:00:00,"Detroit","Minnesota",34.00,28.00,,,"y"
271,2011.00,16.00,"Saturday",12/30/1899 16:05:00,"Detroit","San Diego",38.00,10.00,,,"n"
272,2012.00,1.00,"Sunday",12/30/1899 13:00:00,"Detroit","St. Louis",27.00,23.00,,,"n"
273,2012.00,4.00,"Sunday",12/30/1899 13:00:00,"Detroit","Minnesota",13.00,20.00,,,"y"
274,2012.00,8.00,"Sunday",12/30/1899 13:00:00,"Detroit","Seattle",28.00,24.00,,,"n"
275,2012.00,11.00,"Sunday",12/30/1899 13:00:00,"Detroit","Green Bay",20.00,24.00,,,"y"
276,2012.00,12.00,"Thursday",12/30/1899 12:30:00,"Detroit","Houston",31.00,34.00,"OT",,"n"
277,2012.00,13.00,"Sunday",12/30/1899 13:00:00,"Detroit","Indianapolis",33.00,35.00,,,"n"
278,2012.00,16.00,"Saturday",12/30/1899 20:30:00,"Detroit","Atlanta",18.00,31.00,,,"n"
279,2012.00,17.00,"Sunday",12/30/1899 13:00:00,"Detroit","Chicago",24.00,26.00,,,"y"
280,2013.00,1.00,"Sunday",12/30/1899 13:00:00,"Detroit","Minnesota",34.00,24.00,,,"y"
281,2013.00,4.00,"Sunday",12/30/1899 13:00:00,"Detroit","Chicago",40.00,32.00,,,"y"
282,2013.00,7.00,"Sunday",12/30/1899 13:00:00,"Detroit","Cincinnati",24.00,27.00,,,"n"
283,2013.00,8.00,"Sunday",12/30/1899 13:00:00,"Detroit","Dallas",31.00,30.00,,,"n"
284,2013.00,12.00,"Sunday",12/30/1899 13:00:00,"Detroit","Tampa Bay",21.00,24.00,,,"n"
285,2013.00,13.00,"Thursday",12/30/1899 12:30:00,"Detroit","Green Bay",40.00,10.00,,,"y"
286,2013.00,15.00,"Monday",12/30/1899 20:40:00,"Detroit","Baltimore",16.00,18.00,,,"n"
287,2013.00,16.00,"Sunday",12/30/1899 13:00:00,"Detroit","New York Giants",20.00,23.00,"OT",,"n"
288,2014.00,1.00,"Monday",12/30/1899 19:10:00,"Detroit","New York Giants",35.00,14.00,,,"n"
289,2014.00,3.00,"Sunday",12/30/1899 13:00:00,"Detroit","Green Bay",19.00,7.00,,,"y"
290,2014.00,5.00,"Sunday",12/30/1899 13:00:00,"Detroit","Buffalo",14.00,17.00,,,"n"
291,2014.00,7.00,"Sunday",12/30/1899 13:00:00,"Detroit","New Orleans",24.00,23.00,,,"n"
292,2014.00,10.00,"Sunday",12/30/1899 13:00:00,"Detroit","Miami",20.00,16.00,,,"n"
293,2014.00,13.00,"Thursday",12/30/1899 12:30:00,"Detroit","Chicago",34.00,17.00,,,"y"
294,2014.00,14.00,"Sunday",12/30/1899 13:00:00,"Detroit","Tampa Bay",34.00,17.00,,,"n"
295,2014.00,15.00,"Sunday",12/30/1899 16:25:00,"Detroit","Minnesota",16.00,14.00,,,"y"
296,2015.00,3.00,"Sunday",12/30/1899 20:30:00,"Detroit","Denver",12.00,24.00,,,"n"
297,2015.00,5.00,"Sunday",12/30/1899 16:05:00,"Detroit","Arizona",17.00,42.00,,,"n"
298,2015.00,6.00,"Sunday",12/30/1899 13:00:00,"Detroit","Chicago",37.00,34.00,"OT",,"y"
299,2015.00,7.00,"Sunday",12/30/1899 13:00:00,"Detroit","Minnesota",19.00,28.00,,,"y"
300,2015.00,11.00,"Sunday",12/30/1899 13:00:00,"Detroit","Oakland",18.00,13.00,,,"n"
301,2015.00,12.00,"Thursday",12/30/1899 12:30:00,"Detroit","Philadelphia",45.00,14.00,,,"n"
302,2015.00,13.00,"Thursday",12/30/1899 20:25:00,"Detroit","Green Bay",23.00,27.00,,,"y"
303,2015.00,16.00,"Sunday",12/30/1899 13:00:00,"Detroit","San Francisco",32.00,17.00,,,"n"
304,2011.00,1.00,"Thursday",12/30/1899 19:30:00,"Green Bay","New Orleans",42.00,34.00,,8.00,"n"
305,2011.00,4.00,"Sunday",12/30/1899 15:15:00,"Green Bay","Denver",49.00,23.00,,0.00,"n"
306,2011.00,6.00,"Sunday",12/30/1899 12:00:00,"Green Bay","St. Louis",24.00,3.00,,3.00,"n"
307,2011.00,10.00,"Monday",12/30/1899 19:30:00,"Green Bay","Minnesota",45.00,7.00,,6.00,"y"
308,2011.00,11.00,"Sunday",12/30/1899 12:00:00,"Green Bay","Tampa Bay",35.00,26.00,,1.00,"n"
309,2011.00,14.00,"Sunday",12/30/1899 15:15:00,"Green Bay","Oakland",46.00,16.00,,4.00,"n"
310,2011.00,16.00,"Sunday",12/30/1899 19:20:00,"Green Bay","Chicago",35.00,21.00,,21.00,"y"
311,2011.00,17.00,"Sunday",12/30/1899 12:00:00,"Green Bay","Detroit",45.00,41.00,,3.00,"y"
312,2012.00,1.00,"Sunday",12/30/1899 15:25:00,"Green Bay","San Francisco",22.00,30.00,,4.00,"n"
313,2012.00,2.00,"Thursday",12/30/1899 19:20:00,"Green Bay","Chicago",23.00,10.00,,15.00,"y"
314,2012.00,4.00,"Sunday",12/30/1899 15:25:00,"Green Bay","New Orleans",28.00,27.00,,3.00,"n"
315,2012.00,8.00,"Sunday",12/30/1899 12:00:00,"Green Bay","Jacksonville",24.00,15.00,,1.00,"n"
316,2012.00,9.00,"Sunday",12/30/1899 12:00:00,"Green Bay","Arizona",31.00,17.00,,9.00,"n"
317,2012.00,13.00,"Sunday",12/30/1899 12:00:00,"Green Bay","Minnesota",23.00,14.00,,2.00,"y"
318,2012.00,14.00,"Sunday",12/30/1899 19:20:00,"Green Bay","Detroit",27.00,20.00,,18.00,"y"
319,2012.00,16.00,"Sunday",12/30/1899 12:00:00,"Green Bay","Tennessee",55.00,7.00,,9.00,"n"
320,2013.00,2.00,"Sunday",12/30/1899 12:00:00,"Green Bay","Washington",38.00,20.00,,1.00,"n"
321,2013.00,5.00,"Sunday",12/30/1899 12:00:00,"Green Bay","Detroit",22.00,9.00,,8.00,"y"
322,2013.00,7.00,"Sunday",12/30/1899 15:25:00,"Green Bay","Cleveland",31.00,13.00,,6.00,"n"
323,2013.00,9.00,"Monday",12/30/1899 19:40:00,"Green Bay","Chicago",20.00,27.00,,13.00,"y"
324,2013.00,10.00,"Sunday",12/30/1899 12:00:00,"Green Bay","Philadelphia",13.00,27.00,,6.00,"n"
325,2013.00,12.00,"Sunday",12/30/1899 12:00:00,"Green Bay","Minnesota",26.00,26.00,"OT",8.00,"y"
326,2013.00,14.00,"Sunday",12/30/1899 12:00:00,"Green Bay","Atlanta",22.00,21.00,,7.00,"n"
327,2013.00,16.00,"Sunday",12/30/1899 15:25:00,"Green Bay","Pittsburgh",31.00,38.00,,16.00,"n"
328,2014.00,2.00,"Sunday",12/30/1899 15:25:00,"Green Bay","New York Jets",31.00,24.00,,8.00,"n"
329,2014.00,5.00,"Thursday",12/30/1899 19:25:00,"Green Bay","Minnesota",42.00,10.00,,4.00,"y"
330,2014.00,7.00,"Sunday",12/30/1899 12:00:00,"Green Bay","Carolina",38.00,17.00,,1.00,"n"
331,2014.00,10.00,"Sunday",12/30/1899 19:30:00,"Green Bay","Chicago",55.00,14.00,,15.00,"y"
332,2014.00,11.00,"Sunday",12/30/1899 15:25:00,"Green Bay","Philadelphia",53.00,20.00,,3.00,"n"
333,2014.00,13.00,"Sunday",12/30/1899 15:25:00,"Green Bay","New England",26.00,21.00,,8.00,"n"
334,2014.00,14.00,"Monday",12/30/1899 19:30:00,"Green Bay","Atlanta",43.00,37.00,,11.00,"n"
335,2014.00,17.00,"Sunday",12/30/1899 15:25:00,"Green Bay","Detroit",30.00,20.00,,6.00,"y"
336,2015.00,2.00,"Sunday",12/30/1899 19:30:00,"Green Bay","Seattle",27.00,17.00,,13.00,"n"
337,2015.00,3.00,"Monday",12/30/1899 19:30:00,"Green Bay","Kansas City",38.00,28.00,,4.00,"n"
338,2015.00,5.00,"Sunday",12/30/1899 12:00:00,"Green Bay","St. Louis",24.00,10.00,,4.00,"n"
339,2015.00,6.00,"Sunday",12/30/1899 15:25:00,"Green Bay","San Diego",27.00,20.00,,13.00,"n"
340,2015.00,10.00,"Sunday",12/30/1899 12:00:00,"Green Bay","Detroit",16.00,18.00,,8.00,"y"
341,2015.00,12.00,"Thursday",12/30/1899 19:30:00,"Green Bay","Chicago",13.00,17.00,,2.00,"y"
342,2015.00,14.00,"Sunday",12/30/1899 15:25:00,"Green Bay","Dallas",28.00,7.00,,5.00,"n"
343,2015.00,17.00,"Sunday",12/30/1899 19:30:00,"Green Bay","Minnesota",13.00,20.00,,11.00,"y"
344,2011.00,1.00,"Sunday",12/30/1899 12:00:00,"Houston","Indianapolis",34.00,7.00,,2.00,"y"
345,2011.00,4.00,"Sunday",12/30/1899 12:00:00,"Houston","Pittsburgh",17.00,10.00,,2.00,"n"
346,2011.00,5.00,"Sunday",12/30/1899 12:00:00,"Houston","Oakland",20.00,25.00,,1.00,"n"
347,2011.00,8.00,"Sunday",12/30/1899 12:00:00,"Houston","Jacksonville",24.00,14.00,,0.00,"y"
348,2011.00,9.00,"Sunday",12/30/1899 12:00:00,"Houston","Cleveland",30.00,12.00,,0.00,"n"
349,2011.00,13.00,"Sunday",12/30/1899 12:00:00,"Houston","Atlanta",17.00,10.00,,2.00,"n"
350,2011.00,15.00,"Sunday",12/30/1899 12:00:00,"Houston","Carolina",13.00,28.00,,2.00,"n"
351,2011.00,17.00,"Sunday",12/30/1899 12:00:00,"Houston","Tennessee",22.00,23.00,,0.00,"y"
352,2012.00,1.00,"Sunday",12/30/1899 12:00:00,"Houston","Miami",30.00,10.00,,6.00,"n"
353,2012.00,4.00,"Sunday",12/30/1899 12:00:00,"Houston","Tennessee",38.00,14.00,,1.00,"y"
354,2012.00,6.00,"Sunday",12/30/1899 18:20:00,"Houston","Green Bay",24.00,42.00,,4.00,"n"
355,2012.00,7.00,"Sunday",12/30/1899 12:00:00,"Houston","Baltimore",43.00,13.00,,1.00,"n"
356,2012.00,9.00,"Sunday",12/30/1899 12:00:00,"Houston","Buffalo",21.00,9.00,,1.00,"n"
357,2012.00,11.00,"Sunday",12/30/1899 12:00:00,"Houston","Jacksonville",43.00,37.00,"OT",1.00,"y"
358,2012.00,15.00,"Sunday",12/30/1899 12:00:00,"Houston","Indianapolis",29.00,17.00,,1.00,"y"
359,2012.00,16.00,"Sunday",12/30/1899 12:00:00,"Houston","Minnesota",6.00,23.00,,3.00,"n"
360,2013.00,2.00,"Sunday",12/30/1899 12:00:00,"Houston","Tennessee",30.00,24.00,"OT",2.00,"y"
361,2013.00,4.00,"Sunday",12/30/1899 12:00:00,"Houston","Seattle",20.00,23.00,"OT",0.00,"n"
362,2013.00,6.00,"Sunday",12/30/1899 12:00:00,"Houston","St. Louis",13.00,38.00,,1.00,"n"
363,2013.00,9.00,"Sunday",12/30/1899 19:30:00,"Houston","Indianapolis",24.00,27.00,,1.00,"y"
364,2013.00,11.00,"Sunday",12/30/1899 12:00:00,"Houston","Oakland",23.00,28.00,,2.00,"n"
365,2013.00,12.00,"Sunday",12/30/1899 12:00:00,"Houston","Jacksonville",6.00,13.00,,1.00,"y"
366,2013.00,13.00,"Sunday",12/30/1899 12:00:00,"Houston","New England",31.00,34.00,,0.00,"n"
367,2013.00,16.00,"Sunday",12/30/1899 12:00:00,"Houston","Denver",13.00,37.00,,0.00,"n"
368,2014.00,1.00,"Sunday",12/30/1899 12:00:00,"Houston","Washington",17.00,6.00,,1.00,"n"
369,2014.00,4.00,"Sunday",12/30/1899 12:00:00,"Houston","Buffalo",23.00,17.00,,0.00,"n"
370,2014.00,6.00,"Thursday",12/30/1899 19:30:00,"Houston","Indianapolis",28.00,33.00,,0.00,"y"
371,2014.00,9.00,"Sunday",12/30/1899 12:00:00,"Houston","Philadelphia",21.00,31.00,,0.00,"n"
372,2014.00,12.00,"Sunday",12/30/1899 12:00:00,"Houston","Cincinnati",13.00,22.00,,1.00,"n"
373,2014.00,13.00,"Sunday",12/30/1899 12:00:00,"Houston","Tennessee",45.00,21.00,,0.00,"y"
374,2014.00,16.00,"Sunday",12/30/1899 12:00:00,"Houston","Baltimore",25.00,13.00,,0.00,"n"
375,2014.00,17.00,"Sunday",12/30/1899 12:00:00,"Houston","Jacksonville",23.00,17.00,,0.00,"y"
376,2015.00,1.00,"Sunday",12/30/1899 12:00:00,"Houston","Kansas City",20.00,27.00,,1.00,"n"
377,2015.00,3.00,"Sunday",12/30/1899 12:00:00,"Houston","Tampa Bay",19.00,9.00,,1.00,"n"
378,2015.00,5.00,"Thursday",12/30/1899 19:25:00,"Houston","Indianapolis",20.00,27.00,,0.00,"y"
379,2015.00,8.00,"Sunday",12/30/1899 12:00:00,"Houston","Tennessee",20.00,6.00,,0.00,"y"
380,2015.00,11.00,"Sunday",12/30/1899 12:00:00,"Houston","New York Jets",24.00,17.00,,1.00,"n"
381,2015.00,12.00,"Sunday",12/30/1899 12:00:00,"Houston","New Orleans",24.00,6.00,,1.00,"n"
382,2015.00,14.00,"Sunday",12/30/1899 19:30:00,"Houston","New England",6.00,27.00,,0.00,"n"
383,2015.00,17.00,"Sunday",12/30/1899 12:00:00,"Houston","Jacksonville",30.00,6.00,,0.00,"y"
384,2011.00,2.00,"Sunday",12/30/1899 13:00:00,"Indianapolis","Cleveland",19.00,27.00,,2.00,"n"
385,2011.00,3.00,"Sunday",12/30/1899 20:20:00,"Indianapolis","Pittsburgh",20.00,23.00,,11.00,"n"
386,2011.00,5.00,"Sunday",12/30/1899 13:00:00,"Indianapolis","Kansas City",24.00,28.00,,0.00,"n"
387,2011.00,9.00,"Sunday",12/30/1899 13:00:00,"Indianapolis","Atlanta",7.00,31.00,,3.00,"n"
388,2011.00,10.00,"Sunday",12/30/1899 13:00:00,"Indianapolis","Jacksonville",3.00,17.00,,0.00,"y"
389,2011.00,12.00,"Sunday",12/30/1899 13:00:00,"Indianapolis","Carolina",19.00,27.00,,7.00,"n"
390,2011.00,15.00,"Sunday",12/30/1899 13:00:00,"Indianapolis","Tennessee",27.00,13.00,,0.00,"y"
391,2011.00,16.00,"Thursday",12/30/1899 20:20:00,"Indianapolis","Houston",19.00,16.00,,2.00,"y"
392,2012.00,2.00,"Sunday",12/30/1899 13:00:00,"Indianapolis","Minnesota",23.00,20.00,,1.00,"n"
393,2012.00,3.00,"Sunday",12/30/1899 13:00:00,"Indianapolis","Jacksonville",17.00,22.00,,0.00,"y"
394,2012.00,5.00,"Sunday",12/30/1899 13:00:00,"Indianapolis","Green Bay",30.00,27.00,,3.00,"n"
395,2012.00,7.00,"Sunday",12/30/1899 13:00:00,"Indianapolis","Cleveland",17.00,13.00,,2.00,"n"
396,2012.00,9.00,"Sunday",12/30/1899 13:00:00,"Indianapolis","Miami",23.00,20.00,,4.00,"n"
397,2012.00,12.00,"Sunday",12/30/1899 13:00:00,"Indianapolis","Buffalo",20.00,13.00,,5.00,"n"
398,2012.00,14.00,"Sunday",12/30/1899 13:00:00,"Indianapolis","Tennessee",27.00,23.00,,1.00,"y"
399,2012.00,17.00,"Sunday",12/30/1899 13:00:00,"Indianapolis","Houston",28.00,16.00,,0.00,"y"
400,2013.00,1.00,"Sunday",12/30/1899 13:00:00,"Indianapolis","Oakland",21.00,17.00,,0.00,"n"
401,2013.00,2.00,"Sunday",12/30/1899 13:00:00,"Indianapolis","Miami",20.00,24.00,,4.00,"n"
402,2013.00,5.00,"Sunday",12/30/1899 13:00:00,"Indianapolis","Seattle",34.00,28.00,,2.00,"n"
403,2013.00,7.00,"Sunday",12/30/1899 20:30:00,"Indianapolis","Denver",39.00,33.00,,10.00,"n"
404,2013.00,10.00,"Sunday",12/30/1899 13:00:00,"Indianapolis","St. Louis",8.00,38.00,,1.00,"n"
405,2013.00,13.00,"Sunday",12/30/1899 13:00:00,"Indianapolis","Tennessee",22.00,14.00,,3.00,"y"
406,2013.00,15.00,"Sunday",12/30/1899 13:00:00,"Indianapolis","Houston",25.00,3.00,,0.00,"y"
407,2013.00,17.00,"Sunday",12/30/1899 13:00:00,"Indianapolis","Jacksonville",30.00,10.00,,2.00,"y"
408,2014.00,2.00,"Monday",12/30/1899 20:30:00,"Indianapolis","Philadelphia",27.00,30.00,,4.00,"n"
409,2014.00,4.00,"Sunday",12/30/1899 13:00:00,"Indianapolis","Tennessee",41.00,17.00,,0.00,"y"
410,2014.00,5.00,"Sunday",12/30/1899 13:00:00,"Indianapolis","Baltimore",20.00,13.00,,0.00,"n"
411,2014.00,7.00,"Sunday",12/30/1899 13:00:00,"Indianapolis","Cincinnati",27.00,0.00,,5.00,"n"
412,2014.00,11.00,"Sunday",12/30/1899 20:30:00,"Indianapolis","New England",20.00,42.00,,3.00,"n"
413,2014.00,12.00,"Sunday",12/30/1899 13:00:00,"Indianapolis","Jacksonville",23.00,3.00,,1.00,"y"
414,2014.00,13.00,"Sunday",12/30/1899 13:00:00,"Indianapolis","Washington",49.00,27.00,,4.00,"n"
415,2014.00,15.00,"Sunday",12/30/1899 13:00:00,"Indianapolis","Houston",17.00,10.00,,0.00,"y"
416,2015.00,2.00,"Monday",12/30/1899 20:30:00,"Indianapolis","New York Jets",7.00,20.00,,3.00,"n"
417,2015.00,4.00,"Sunday",12/30/1899 13:00:00,"Indianapolis","Jacksonville",16.00,13.00,"OT",0.00,"y"
418,2015.00,6.00,"Sunday",12/30/1899 20:30:00,"Indianapolis","New England",27.00,34.00,,2.00,"n"
419,2015.00,7.00,"Sunday",12/30/1899 13:00:00,"Indianapolis","New Orleans",21.00,27.00,,0.00,"n"
420,2015.00,9.00,"Sunday",12/30/1899 16:25:00,"Indianapolis","Denver",27.00,24.00,,2.00,"n"
421,2015.00,12.00,"Sunday",12/30/1899 13:00:00,"Indianapolis","Tampa Bay",25.00,12.00,,0.00,"n"
422,2015.00,15.00,"Sunday",12/30/1899 13:00:00,"Indianapolis","Houston",10.00,16.00,,3.00,"y"
423,2015.00,17.00,"Sunday",12/30/1899 13:00:00,"Indianapolis","Tennessee",30.00,24.00,,1.00,"y"
424,2011.00,1.00,"Sunday",12/30/1899 13:00:00,"Jacksonville","Tennessee",16.00,14.00,,4.00,"y"
425,2011.00,4.00,"Sunday",12/30/1899 13:00:00,"Jacksonville","New Orleans",10.00,23.00,,4.00,"n"
426,2011.00,5.00,"Sunday",12/30/1899 13:00:00,"Jacksonville","Cincinnati",20.00,30.00,,2.00,"n"
427,2011.00,7.00,"Monday",12/30/1899 20:30:00,"Jacksonville","Baltimore",12.00,7.00,,3.00,"n"
428,2011.00,12.00,"Sunday",12/30/1899 13:00:00,"Jacksonville","Houston",13.00,20.00,,1.00,"y"
429,2011.00,13.00,"Monday",12/30/1899 20:30:00,"Jacksonville","San Diego",14.00,38.00,,6.00,"n"
430,2011.00,14.00,"Sunday",12/30/1899 13:00:00,"Jacksonville","Tampa Bay",41.00,14.00,,3.00,"n"
431,2011.00,17.00,"Sunday",12/30/1899 13:00:00,"Jacksonville","Indianapolis",19.00,13.00,,1.00,"y"
432,2012.00,2.00,"Sunday",12/30/1899 13:00:00,"Jacksonville","Houston",7.00,27.00,,5.00,"y"
433,2012.00,4.00,"Sunday",12/30/1899 16:05:00,"Jacksonville","Cincinnati",10.00,27.00,,1.00,"n"
434,2012.00,5.00,"Sunday",12/30/1899 16:05:00,"Jacksonville","Chicago",3.00,41.00,,2.00,"n"
435,2012.00,9.00,"Sunday",12/30/1899 13:00:00,"Jacksonville","Detroit",14.00,31.00,,0.00,"n"
436,2012.00,10.00,"Thursday",12/30/1899 20:20:00,"Jacksonville","Indianapolis",10.00,27.00,,0.00,"y"
437,2012.00,12.00,"Sunday",12/30/1899 13:00:00,"Jacksonville","Tennessee",24.00,19.00,,0.00,"y"
438,2012.00,14.00,"Sunday",12/30/1899 13:00:00,"Jacksonville","New York Jets",10.00,17.00,,1.00,"n"
439,2012.00,16.00,"Sunday",12/30/1899 13:00:00,"Jacksonville","New England",16.00,23.00,,1.00,"n"
440,2013.00,1.00,"Sunday",12/30/1899 13:00:00,"Jacksonville","Kansas City",2.00,28.00,,3.00,"n"
441,2013.00,4.00,"Sunday",12/30/1899 13:00:00,"Jacksonville","Indianapolis",3.00,37.00,,0.00,"y"
442,2013.00,7.00,"Sunday",12/30/1899 13:00:00,"Jacksonville","San Diego",6.00,24.00,,2.00,"n"
443,2013.00,11.00,"Sunday",12/30/1899 13:00:00,"Jacksonville","Arizona",14.00,27.00,,3.00,"n"
444,2013.00,14.00,"Thursday",12/30/1899 20:25:00,"Jacksonville","Houston",27.00,20.00,,3.00,"y"
445,2013.00,15.00,"Sunday",12/30/1899 13:00:00,"Jacksonville","Buffalo",20.00,27.00,,0.00,"n"
446,2013.00,16.00,"Sunday",12/30/1899 13:00:00,"Jacksonville","Tennessee",16.00,20.00,,1.00,"y"
447,2014.00,3.00,"Sunday",12/30/1899 13:00:00,"Jacksonville","Indianapolis",17.00,44.00,,3.00,"y"
448,2014.00,5.00,"Sunday",12/30/1899 13:00:00,"Jacksonville","Pittsburgh",9.00,17.00,,3.00,"n"
449,2014.00,7.00,"Sunday",12/30/1899 13:00:00,"Jacksonville","Cleveland",24.00,6.00,,0.00,"n"
450,2014.00,8.00,"Sunday",12/30/1899 13:00:00,"Jacksonville","Miami",13.00,27.00,,3.00,"n"
451,2014.00,13.00,"Sunday",12/30/1899 13:00:00,"Jacksonville","New York Giants",25.00,24.00,,0.00,"n"
452,2014.00,14.00,"Sunday",12/30/1899 13:00:00,"Jacksonville","Houston",13.00,27.00,,0.00,"y"
453,2014.00,16.00,"Thursday",12/30/1899 20:30:00,"Jacksonville","Tennessee",21.00,13.00,,1.00,"y"
454,2015.00,1.00,"Sunday",12/30/1899 13:00:00,"Jacksonville","Carolina",9.00,20.00,,1.00,"n"
455,2015.00,2.00,"Sunday",12/30/1899 16:05:00,"Jacksonville","Miami",23.00,20.00,,2.00,"n"
456,2015.00,6.00,"Sunday",12/30/1899 13:00:00,"Jacksonville","Houston",20.00,31.00,,0.00,"y"
457,2015.00,11.00,"Thursday",12/30/1899 20:25:00,"Jacksonville","Tennessee",19.00,13.00,,1.00,"y"
458,2015.00,12.00,"Sunday",12/30/1899 13:00:00,"Jacksonville","San Diego",25.00,31.00,,0.00,"n"
459,2015.00,14.00,"Sunday",12/30/1899 13:00:00,"Jacksonville","Indianapolis",51.00,16.00,,2.00,"y"
460,2015.00,15.00,"Sunday",12/30/1899 13:00:00,"Jacksonville","Atlanta",17.00,23.00,,2.00,"n"
461,2011.00,1.00,"Sunday",12/30/1899 12:00:00,"Kansas City","Buffalo",7.00,41.00,,0.00,"n"
462,2011.00,4.00,"Sunday",12/30/1899 12:00:00,"Kansas City","Minnesota",22.00,17.00,,1.00,"n"
463,2011.00,8.00,"Monday",12/30/1899 19:30:00,"Kansas City","San Diego",23.00,20.00,"OT",2.00,"y"
464,2011.00,9.00,"Sunday",12/30/1899 12:00:00,"Kansas City","Miami",3.00,31.00,,3.00,"n"
465,2011.00,10.00,"Sunday",12/30/1899 12:00:00,"Kansas City","Denver",10.00,17.00,,1.00,"y"
466,2011.00,12.00,"Sunday",12/30/1899 19:20:00,"Kansas City","Pittsburgh",9.00,13.00,,0.00,"n"
467,2011.00,15.00,"Sunday",12/30/1899 12:00:00,"Kansas City","Green Bay",19.00,14.00,,2.00,"n"
468,2011.00,16.00,"Saturday",12/30/1899 12:00:00,"Kansas City","Oakland",13.00,16.00,"OT",2.00,"y"
469,2012.00,1.00,"Sunday",12/30/1899 12:00:00,"Kansas City","Atlanta",24.00,40.00,,0.00,"n"
470,2012.00,4.00,"Sunday",12/30/1899 12:00:00,"Kansas City","San Diego",20.00,37.00,,0.00,"y"
471,2012.00,5.00,"Sunday",12/30/1899 12:00:00,"Kansas City","Baltimore",6.00,9.00,,0.00,"n"
472,2012.00,8.00,"Sunday",12/30/1899 15:05:00,"Kansas City","Oakland",16.00,26.00,,4.00,"y"
473,2012.00,11.00,"Sunday",12/30/1899 12:00:00,"Kansas City","Cincinnati",6.00,28.00,,0.00,"n"
474,2012.00,12.00,"Sunday",12/30/1899 12:00:00,"Kansas City","Denver",9.00,17.00,,1.00,"y"
475,2012.00,13.00,"Sunday",12/30/1899 12:00:00,"Kansas City","Miami",27.00,21.00,,1.00,"n"
476,2012.00,16.00,"Sunday",12/30/1899 12:00:00,"Kansas City","Indianapolis",13.00,20.00,,0.00,"n"
477,2013.00,2.00,"Sunday",12/30/1899 12:00:00,"Kansas City","Dallas",17.00,16.00,,4.00,"n"
478,2013.00,4.00,"Sunday",12/30/1899 12:00:00,"Kansas City","New York Giants",31.00,7.00,,4.00,"n"
479,2013.00,6.00,"Sunday",12/30/1899 12:00:00,"Kansas City","Oakland",24.00,7.00,,0.00,"y"
480,2013.00,7.00,"Sunday",12/30/1899 15:25:00,"Kansas City","Houston",17.00,16.00,,2.00,"n"
481,2013.00,8.00,"Sunday",12/30/1899 12:00:00,"Kansas City","Cleveland",23.00,17.00,,3.00,"n"
482,2013.00,12.00,"Sunday",12/30/1899 12:00:00,"Kansas City","San Diego",38.00,41.00,,4.00,"y"
483,2013.00,13.00,"Sunday",12/30/1899 15:25:00,"Kansas City","Denver",28.00,35.00,,4.00,"y"
484,2013.00,16.00,"Sunday",12/30/1899 12:00:00,"Kansas City","Indianapolis",7.00,23.00,,0.00,"n"
485,2014.00,1.00,"Sunday",12/30/1899 12:00:00,"Kansas City","Tennessee",10.00,26.00,,1.00,"n"
486,2014.00,4.00,"Monday",12/30/1899 19:30:00,"Kansas City","New England",41.00,14.00,,5.00,"n"
487,2014.00,8.00,"Sunday",12/30/1899 12:00:00,"Kansas City","St. Louis",34.00,7.00,,2.00,"n"
488,2014.00,9.00,"Sunday",12/30/1899 12:00:00,"Kansas City","New York Jets",24.00,10.00,,1.00,"n"
489,2014.00,11.00,"Sunday",12/30/1899 12:00:00,"Kansas City","Seattle",24.00,20.00,,2.00,"n"
490,2014.00,13.00,"Sunday",12/30/1899 19:30:00,"Kansas City","Denver",16.00,29.00,,5.00,"y"
491,2014.00,15.00,"Sunday",12/30/1899 12:00:00,"Kansas City","Oakland",31.00,13.00,,8.00,"y"
492,2014.00,17.00,"Sunday",12/30/1899 12:00:00,"Kansas City","San Diego",19.00,7.00,,3.00,"y"
493,2015.00,2.00,"Thursday",12/30/1899 19:30:00,"Kansas City","Denver",24.00,31.00,,2.00,"y"
494,2015.00,5.00,"Sunday",12/30/1899 12:00:00,"Kansas City","Chicago",17.00,18.00,,0.00,"n"
495,2015.00,7.00,"Sunday",12/30/1899 12:00:00,"Kansas City","Pittsburgh",23.00,13.00,,1.00,"n"
496,2015.00,12.00,"Sunday",12/30/1899 12:00:00,"Kansas City","Buffalo",30.00,22.00,,0.00,"n"
497,2015.00,14.00,"Sunday",12/30/1899 12:00:00,"Kansas City","San Diego",10.00,3.00,,1.00,"y"
498,2015.00,16.00,"Sunday",12/30/1899 12:00:00,"Kansas City","Cleveland",17.00,13.00,,0.00,"n"
499,2015.00,17.00,"Sunday",12/30/1899 15:25:00,"Kansas City","Oakland",23.00,17.00,,2.00,"y"
500,2012.00,2.00,"Sunday",12/30/1899 13:02:00,"Miami","Oakland",35.00,13.00,,1.00,"n"
501,2012.00,3.00,"Sunday",12/30/1899 13:00:00,"Miami","New York Jets",20.00,23.00,,4.00,"y"
502,2012.00,6.00,"Sunday",12/30/1899 13:00:00,"Miami","St. Louis",17.00,14.00,,0.00,"n"
503,2012.00,10.00,"Sunday",12/30/1899 13:00:00,"Miami","Tennessee",3.00,37.00,,3.00,"n"
504,2012.00,12.00,"Sunday",12/30/1899 13:00:00,"Miami","Seattle",24.00,21.00,,0.00,"n"
505,2012.00,13.00,"Sunday",12/30/1899 13:00:00,"Miami","New England",16.00,23.00,,4.00,"y"
506,2012.00,15.00,"Sunday",12/30/1899 13:00:00,"Miami","Jacksonville",24.00,3.00,,2.00,"n"
507,2012.00,16.00,"Sunday",12/30/1899 13:00:00,"Miami","Buffalo",24.00,10.00,,5.00,"y"
508,2013.00,3.00,"Sunday",12/30/1899 16:05:00,"Miami","Atlanta",27.00,23.00,,3.00,"n"
509,2013.00,5.00,"Sunday",12/30/1899 13:00:00,"Miami","Baltimore",23.00,26.00,,0.00,"n"
510,2013.00,7.00,"Sunday",12/30/1899 13:00:00,"Miami","Buffalo",21.00,23.00,,0.00,"y"
511,2013.00,9.00,"Thursday",12/30/1899 20:25:00,"Miami","Cincinnati",22.00,20.00,"OT",0.00,"n"
512,2013.00,11.00,"Sunday",12/30/1899 16:05:00,"Miami","San Diego",20.00,16.00,,4.00,"n"
513,2013.00,12.00,"Sunday",12/30/1899 13:00:00,"Miami","Carolina",16.00,20.00,,3.00,"n"
514,2013.00,15.00,"Sunday",12/30/1899 13:00:00,"Miami","New England",24.00,20.00,,1.00,"y"
515,2013.00,17.00,"Sunday",12/30/1899 13:00:00,"Miami","New York Jets",7.00,20.00,,3.00,"y"
516,2014.00,1.00,"Sunday",12/30/1899 13:00:00,"Miami","New England",33.00,20.00,,2.00,"y"
517,2014.00,3.00,"Sunday",12/30/1899 16:25:00,"Miami","Kansas City",14.00,34.00,,4.00,"n"
518,2014.00,6.00,"Sunday",12/30/1899 13:00:00,"Miami","Green Bay",24.00,27.00,,4.00,"n"
519,2014.00,9.00,"Sunday",12/30/1899 13:00:00,"Miami","San Diego",37.00,0.00,,5.00,"n"
520,2014.00,11.00,"Thursday",12/30/1899 20:25:00,"Miami","Buffalo",22.00,9.00,,4.00,"y"
521,2014.00,14.00,"Sunday",12/30/1899 13:00:00,"Miami","Baltimore",13.00,28.00,,1.00,"n"
522,2014.00,16.00,"Sunday",12/30/1899 13:00:00,"Miami","Minnesota",37.00,35.00,,2.00,"n"
523,2014.00,17.00,"Sunday",12/30/1899 13:00:00,"Miami","New York Jets",24.00,37.00,,7.00,"y"
524,2015.00,3.00,"Sunday",12/30/1899 16:25:00,"Miami","Buffalo",14.00,41.00,,5.00,"y"
525,2015.00,7.00,"Sunday",12/30/1899 13:00:00,"Miami","Houston",44.00,26.00,,1.00,"n"
526,2015.00,11.00,"Sunday",12/30/1899 13:00:00,"Miami","Dallas",14.00,24.00,,1.00,"n"
527,2015.00,13.00,"Sunday",12/30/1899 13:00:00,"Miami","Baltimore",15.00,13.00,,2.00,"n"
528,2015.00,14.00,"Monday",12/30/1899 20:30:00,"Miami","New York Giants",24.00,31.00,,2.00,"n"
529,2015.00,16.00,"Sunday",12/30/1899 13:00:00,"Miami","Indianapolis",12.00,18.00,,0.00,"n"
530,2015.00,17.00,"Sunday",12/30/1899 13:00:00,"Miami","New England",20.00,10.00,,1.00,"y"
531,2011.00,2.00,"Sunday",12/30/1899 16:15:00,"New England","San Diego",35.00,21.00,,4.00,"n"
532,2011.00,5.00,"Sunday",12/30/1899 16:15:00,"New England","New York Jets",30.00,21.00,,6.00,"y"
533,2011.00,6.00,"Sunday",12/30/1899 16:15:00,"New England","Dallas",20.00,16.00,,7.00,"n"
534,2011.00,9.00,"Sunday",12/30/1899 16:15:00,"New England","New York Giants",20.00,24.00,,2.00,"n"
535,2011.00,11.00,"Monday",12/30/1899 20:30:00,"New England","Kansas City",34.00,3.00,,12.00,"n"
536,2011.00,13.00,"Sunday",12/30/1899 13:00:00,"New England","Indianapolis",31.00,24.00,,6.00,"n"
537,2011.00,16.00,"Saturday",12/30/1899 13:00:00,"New England","Miami",27.00,24.00,,3.00,"y"
538,2011.00,17.00,"Sunday",12/30/1899 13:00:00,"New England","Buffalo",49.00,21.00,,1.00,"y"
539,2012.00,2.00,"Sunday",12/30/1899 13:00:00,"New England","Arizona",18.00,20.00,,9.00,"n"
540,2012.00,5.00,"Sunday",12/30/1899 16:25:00,"New England","Denver",31.00,21.00,,6.00,"n"
541,2012.00,7.00,"Sunday",12/30/1899 16:25:00,"New England","New York Jets",29.00,26.00,"OT",4.00,"y"
542,2012.00,10.00,"Sunday",12/30/1899 13:00:00,"New England","Buffalo",37.00,31.00,,5.00,"y"
543,2012.00,11.00,"Sunday",12/30/1899 16:25:00,"New England","Indianapolis",59.00,24.00,,3.00,"n"
544,2012.00,14.00,"Monday",12/30/1899 20:30:00,"New England","Houston",42.00,14.00,,7.00,"n"
545,2012.00,15.00,"Sunday",12/30/1899 20:20:00,"New England","San Francisco",34.00,41.00,,7.00,"n"
546,2012.00,17.00,"Sunday",12/30/1899 16:25:00,"New England","Miami",28.00,0.00,,2.00,"y"
547,2013.00,2.00,"Thursday",12/30/1899 20:25:00,"New England","New York Jets",13.00,10.00,,14.00,"y"
548,2013.00,3.00,"Sunday",12/30/1899 13:00:00,"New England","Tampa Bay",23.00,3.00,,1.00,"n"
549,2013.00,6.00,"Sunday",12/30/1899 16:25:00,"New England","New Orleans",30.00,27.00,,6.00,"n"
550,2013.00,8.00,"Sunday",12/30/1899 13:00:00,"New England","Miami",27.00,17.00,,1.00,"y"
551,2013.00,9.00,"Sunday",12/30/1899 16:25:00,"New England","Pittsburgh",55.00,31.00,,2.00,"n"
552,2013.00,12.00,"Sunday",12/30/1899 20:30:00,"New England","Denver",34.00,31.00,"OT",4.00,"n"
553,2013.00,14.00,"Sunday",12/30/1899 13:00:00,"New England","Cleveland",27.00,26.00,,5.00,"n"
554,2013.00,17.00,"Sunday",12/30/1899 16:25:00,"New England","Buffalo",34.00,20.00,,4.00,"y"
555,2014.00,3.00,"Sunday",12/30/1899 13:00:00,"New England","Oakland",16.00,9.00,,7.00,"n"
556,2014.00,5.00,"Sunday",12/30/1899 20:30:00,"New England","Cincinnati",43.00,17.00,,7.00,"n"
557,2014.00,7.00,"Thursday",12/30/1899 20:30:00,"New England","New York Jets",27.00,25.00,,7.00,"y"
558,2014.00,8.00,"Sunday",12/30/1899 13:00:00,"New England","Chicago",51.00,23.00,,6.00,"n"
559,2014.00,9.00,"Sunday",12/30/1899 16:25:00,"New England","Denver",43.00,21.00,,1.00,"n"
560,2014.00,12.00,"Sunday",12/30/1899 13:00:00,"New England","Detroit",34.00,9.00,,2.00,"n"
561,2014.00,15.00,"Sunday",12/30/1899 13:00:00,"New England","Miami",41.00,13.00,,6.00,"y"
562,2014.00,17.00,"Sunday",12/30/1899 13:00:00,"New England","Buffalo",9.00,17.00,,2.00,"y"
563,2015.00,1.00,"Thursday",12/30/1899 20:30:00,"New England","Pittsburgh",28.00,21.00,,4.00,"n"
564,2015.00,3.00,"Sunday",12/30/1899 13:00:00,"New England","Jacksonville",51.00,17.00,,0.00,"n"
565,2015.00,7.00,"Sunday",12/30/1899 13:00:00,"New England","New York Jets",30.00,23.00,,3.00,"y"
566,2015.00,8.00,"Thursday",12/30/1899 20:25:00,"New England","Miami",36.00,7.00,,6.00,"y"
567,2015.00,9.00,"Sunday",12/30/1899 13:00:00,"New England","Washington",27.00,10.00,,2.00,"n"
568,2015.00,11.00,"Monday",12/30/1899 20:30:00,"New England","Buffalo",20.00,13.00,,9.00,"y"
569,2015.00,13.00,"Sunday",12/30/1899 16:25:00,"New England","Philadelphia",28.00,35.00,,3.00,"n"
570,2015.00,15.00,"Sunday",12/30/1899 13:00:00,"New England","Tennessee",33.00,16.00,,2.00,"n"
571,2011.00,2.00,"Monday",12/30/1899 20:30:00,"New York Giants","St. Louis",28.00,16.00,,18.00,"n"
572,2011.00,5.00,"Sunday",12/30/1899 13:00:00,"New York Giants","Seattle",25.00,36.00,,15.00,"n"
573,2011.00,6.00,"Sunday",12/30/1899 13:00:00,"New York Giants","Buffalo",27.00,24.00,,19.00,"n"
574,2011.00,8.00,"Sunday",12/30/1899 13:00:00,"New York Giants","Miami",20.00,17.00,,23.00,"n"
575,2011.00,11.00,"Sunday",12/30/1899 20:20:00,"New York Giants","Philadelphia",10.00,17.00,,26.00,"y"
576,2011.00,13.00,"Sunday",12/30/1899 16:15:00,"New York Giants","Green Bay",35.00,38.00,,35.00,"n"
577,2011.00,15.00,"Sunday",12/30/1899 13:00:00,"New York Giants","Washington",10.00,23.00,,31.00,"y"
578,2011.00,17.00,"Sunday",12/30/1899 20:20:00,"New York Giants","Dallas",31.00,14.00,,21.00,"y"
579,2012.00,1.00,"Wednesday",12/30/1899 20:20:00,"New York Giants","Dallas",17.00,24.00,,39.00,"y"
580,2012.00,2.00,"Sunday",12/30/1899 13:00:00,"New York Giants","Tampa Bay",41.00,34.00,,6.00,"n"
581,2012.00,5.00,"Sunday",12/30/1899 13:00:00,"New York Giants","Cleveland",41.00,27.00,,12.00,"n"
582,2012.00,7.00,"Sunday",12/30/1899 13:00:00,"New York Giants","Washington",27.00,23.00,,16.00,"y"
583,2012.00,9.00,"Sunday",12/30/1899 16:25:00,"New York Giants","Pittsburgh",20.00,24.00,,20.00,"n"
584,2012.00,12.00,"Sunday",12/30/1899 20:20:00,"New York Giants","Green Bay",38.00,10.00,,23.00,"n"
585,2012.00,14.00,"Sunday",12/30/1899 16:25:00,"New York Giants","New Orleans",52.00,27.00,,14.00,"n"
586,2012.00,17.00,"Sunday",12/30/1899 13:00:00,"New York Giants","Philadelphia",42.00,7.00,,15.00,"y"
587,2013.00,2.00,"Sunday",12/30/1899 16:25:00,"New York Giants","Denver",23.00,41.00,,21.00,"n"
588,2013.00,5.00,"Sunday",12/30/1899 13:00:00,"New York Giants","Philadelphia",21.00,36.00,,12.00,"y"
589,2013.00,7.00,"Monday",12/30/1899 20:40:00,"New York Giants","Minnesota",23.00,7.00,,19.00,"n"
590,2013.00,10.00,"Sunday",12/30/1899 13:00:00,"New York Giants","Oakland",24.00,20.00,,29.00,"n"
591,2013.00,11.00,"Sunday",12/30/1899 16:25:00,"New York Giants","Green Bay",27.00,13.00,,16.00,"n"
592,2013.00,12.00,"Sunday",12/30/1899 16:25:00,"New York Giants","Dallas",21.00,24.00,,46.00,"y"
593,2013.00,15.00,"Sunday",12/30/1899 13:00:00,"New York Giants","Seattle",0.00,23.00,,29.00,"n"
594,2013.00,17.00,"Sunday",12/30/1899 13:00:00,"New York Giants","Washington",20.00,6.00,,10.00,"y"
595,2014.00,2.00,"Sunday",12/30/1899 13:00:00,"New York Giants","Arizona",14.00,25.00,,16.00,"n"
596,2014.00,3.00,"Sunday",12/30/1899 13:00:00,"New York Giants","Houston",30.00,17.00,,22.00,"n"
597,2014.00,5.00,"Sunday",12/30/1899 13:00:00,"New York Giants","Atlanta",30.00,20.00,,24.00,"n"
598,2014.00,9.00,"Monday",12/30/1899 20:30:00,"New York Giants","Indianapolis",24.00,40.00,,20.00,"n"
599,2014.00,11.00,"Sunday",12/30/1899 13:00:00,"New York Giants","San Francisco",10.00,16.00,,23.00,"n"
600,2014.00,12.00,"Sunday",12/30/1899 20:30:00,"New York Giants","Dallas",28.00,31.00,,33.00,"y"
601,2014.00,15.00,"Sunday",12/30/1899 13:00:00,"New York Giants","Washington",24.00,13.00,,9.00,"y"
602,2014.00,17.00,"Sunday",12/30/1899 13:00:00,"New York Giants","Philadelphia",26.00,34.00,,28.00,"y"
603,2015.00,2.00,"Sunday",12/30/1899 13:00:00,"New York Giants","Atlanta",20.00,24.00,,18.00,"n"
604,2015.00,3.00,"Thursday",12/30/1899 20:25:00,"New York Giants","Washington",32.00,21.00,,24.00,"y"
605,2015.00,5.00,"Sunday",12/30/1899 20:30:00,"New York Giants","San Francisco",30.00,27.00,,26.00,"n"
606,2015.00,7.00,"Sunday",12/30/1899 16:25:00,"New York Giants","Dallas",27.00,20.00,,35.00,"y"
607,2015.00,10.00,"Sunday",12/30/1899 16:25:00,"New York Giants","New England",26.00,27.00,,22.00,"n"
608,2015.00,13.00,"Sunday",12/30/1899 13:00:00,"New York Giants","New York Jets",20.00,23.00,"OT",39.00,"n"
609,2015.00,15.00,"Sunday",12/30/1899 13:00:00,"New York Giants","Carolina",35.00,38.00,,31.00,"n"
610,2015.00,17.00,"Sunday",12/30/1899 13:00:00,"New York Giants","Philadelphia",30.00,35.00,,14.00,"y"
611,2011.00,1.00,"Sunday",12/30/1899 20:20:00,"New York Jets","Dallas",27.00,24.00,,34.00,"n"
612,2011.00,2.00,"Sunday",12/30/1899 13:00:00,"New York Jets","Jacksonville",32.00,3.00,,23.00,"n"
613,2011.00,6.00,"Monday",12/30/1899 20:30:00,"New York Jets","Miami",24.00,6.00,,28.00,"y"
614,2011.00,7.00,"Sunday",12/30/1899 13:00:00,"New York Jets","San Diego",27.00,21.00,,20.00,"n"
615,2011.00,10.00,"Sunday",12/30/1899 20:20:00,"New York Jets","New England",16.00,37.00,,30.00,"y"
616,2011.00,12.00,"Sunday",12/30/1899 13:00:00,"New York Jets","Buffalo",28.00,24.00,,12.00,"y"
617,2011.00,14.00,"Sunday",12/30/1899 13:00:00,"New York Jets","Kansas City",37.00,10.00,,14.00,"n"
618,2011.00,16.00,"Saturday",12/30/1899 13:00:00,"New York Jets","New York Giants",14.00,29.00,,31.00,"n"
619,2012.00,1.00,"Sunday",12/30/1899 13:00:00,"New York Jets","Buffalo",48.00,28.00,,22.00,"y"
620,2012.00,4.00,"Sunday",12/30/1899 13:00:00,"New York Jets","San Francisco",0.00,34.00,,18.00,"n"
621,2012.00,5.00,"Monday",12/30/1899 20:30:00,"New York Jets","Houston",17.00,23.00,,15.00,"n"
622,2012.00,6.00,"Sunday",12/30/1899 13:00:00,"New York Jets","Indianapolis",35.00,9.00,,10.00,"n"
623,2012.00,8.00,"Sunday",12/30/1899 13:00:00,"New York Jets","Miami",9.00,30.00,,16.00,"y"
624,2012.00,12.00,"Thursday",12/30/1899 20:20:00,"New York Jets","New England",19.00,49.00,,38.00,"y"
625,2012.00,14.00,"Sunday",12/30/1899 13:00:00,"New York Jets","Arizona",7.00,6.00,,11.00,"n"
626,2012.00,16.00,"Sunday",12/30/1899 13:00:00,"New York Jets","San Diego",17.00,27.00,,18.00,"n"
627,2013.00,1.00,"Sunday",12/30/1899 13:00:00,"New York Jets","Tampa Bay",18.00,17.00,,17.00,"n"
628,2013.00,3.00,"Sunday",12/30/1899 16:25:00,"New York Jets","Buffalo",27.00,20.00,,22.00,"y"
629,2013.00,6.00,"Sunday",12/30/1899 13:00:00,"New York Jets","Pittsburgh",6.00,19.00,,20.00,"n"
630,2013.00,7.00,"Sunday",12/30/1899 13:00:00,"New York Jets","New England",30.00,27.00,"OT",29.00,"y"
631,2013.00,9.00,"Sunday",12/30/1899 13:00:00,"New York Jets","New Orleans",26.00,20.00,,11.00,"n"
632,2013.00,13.00,"Sunday",12/30/1899 13:00:00,"New York Jets","Miami",3.00,23.00,,26.00,"y"
633,2013.00,14.00,"Sunday",12/30/1899 13:00:00,"New York Jets","Oakland",37.00,27.00,,8.00,"n"
634,2013.00,16.00,"Sunday",12/30/1899 13:00:00,"New York Jets","Cleveland",24.00,13.00,,10.00,"n"
635,2014.00,1.00,"Sunday",12/30/1899 13:00:00,"New York Jets","Oakland",19.00,14.00,,12.00,"n"
636,2014.00,3.00,"Monday",12/30/1899 20:30:00,"New York Jets","Chicago",19.00,27.00,,27.00,"n"
637,2014.00,4.00,"Sunday",12/30/1899 13:00:00,"New York Jets","Detroit",17.00,24.00,,22.00,"n"
638,2014.00,6.00,"Sunday",12/30/1899 13:00:00,"New York Jets","Denver",17.00,31.00,,18.00,"n"
639,2014.00,8.00,"Sunday",12/30/1899 13:00:00,"New York Jets","Buffalo",23.00,43.00,,25.00,"y"
640,2014.00,10.00,"Sunday",12/30/1899 13:00:00,"New York Jets","Pittsburgh",20.00,13.00,,14.00,"n"
641,2014.00,13.00,"Monday",12/30/1899 20:30:00,"New York Jets","Miami",13.00,16.00,,20.00,"y"
642,2014.00,16.00,"Sunday",12/30/1899 13:00:00,"New York Jets","New England",16.00,17.00,,28.00,"y"
643,2015.00,1.00,"Sunday",12/30/1899 13:00:00,"New York Jets","Cleveland",31.00,10.00,,7.00,"n"
644,2015.00,3.00,"Sunday",12/30/1899 13:00:00,"New York Jets","Philadelphia",17.00,24.00,,26.00,"n"
645,2015.00,6.00,"Sunday",12/30/1899 13:00:00,"New York Jets","Washington",34.00,20.00,,28.00,"n"
646,2015.00,9.00,"Sunday",12/30/1899 13:00:00,"New York Jets","Jacksonville",28.00,23.00,,15.00,"n"
647,2015.00,10.00,"Thursday",12/30/1899 20:25:00,"New York Jets","Buffalo",17.00,22.00,,44.00,"y"
648,2015.00,12.00,"Sunday",12/30/1899 13:00:00,"New York Jets","Miami",38.00,20.00,,27.00,"y"
649,2015.00,14.00,"Sunday",12/30/1899 13:00:00,"New York Jets","Tennessee",30.00,8.00,,30.00,"n"
650,2015.00,16.00,"Sunday",12/30/1899 13:00:00,"New York Jets","New England",26.00,20.00,"OT",32.00,"y"
651,2011.00,3.00,"Sunday",12/30/1899 13:05:00,"Oakland","New York Jets",34.00,24.00,,12.00,"n"
652,2011.00,4.00,"Sunday",12/30/1899 13:15:00,"Oakland","New England",19.00,31.00,,15.00,"n"
653,2011.00,6.00,"Sunday",12/30/1899 13:05:00,"Oakland","Cleveland",24.00,17.00,,7.00,"n"
654,2011.00,7.00,"Sunday",12/30/1899 13:05:00,"Oakland","Kansas City",0.00,28.00,,12.00,"y"
655,2011.00,9.00,"Sunday",12/30/1899 13:05:00,"Oakland","Denver",24.00,38.00,,28.00,"y"
656,2011.00,12.00,"Sunday",12/30/1899 13:05:00,"Oakland","Chicago",25.00,20.00,,15.00,"n"
657,2011.00,15.00,"Sunday",12/30/1899 13:05:00,"Oakland","Detroit",27.00,28.00,,19.00,"n"
658,2011.00,17.00,"Sunday",12/30/1899 13:15:00,"Oakland","San Diego",26.00,38.00,,19.00,"y"
659,2012.00,1.00,"Monday",12/30/1899 19:15:00,"Oakland","San Diego",14.00,22.00,,17.00,"y"
660,2012.00,3.00,"Sunday",12/30/1899 13:25:00,"Oakland","Pittsburgh",34.00,31.00,,25.00,"n"
661,2012.00,7.00,"Sunday",12/30/1899 13:25:00,"Oakland","Jacksonville",26.00,23.00,"OT",16.00,"n"
662,2012.00,9.00,"Sunday",12/30/1899 13:05:00,"Oakland","Tampa Bay",32.00,42.00,,17.00,"n"
663,2012.00,11.00,"Sunday",12/30/1899 13:05:00,"Oakland","New Orleans",17.00,38.00,,19.00,"n"
664,2012.00,13.00,"Sunday",12/30/1899 13:25:00,"Oakland","Cleveland",17.00,20.00,,7.00,"n"
665,2012.00,14.00,"Thursday",12/30/1899 17:20:00,"Oakland","Denver",13.00,26.00,,24.00,"y"
666,2012.00,15.00,"Sunday",12/30/1899 13:25:00,"Oakland","Kansas City",0.00,15.00,,8.00,"y"
667,2013.00,2.00,"Sunday",12/30/1899 13:25:00,"Oakland","Jacksonville",19.00,9.00,,10.00,"n"
668,2013.00,4.00,"Sunday",12/30/1899 13:25:00,"Oakland","Washington",14.00,24.00,,15.00,"n"
669,2013.00,5.00,"Sunday",12/30/1899 20:35:00,"Oakland","San Diego",27.00,17.00,,20.00,"y"
670,2013.00,8.00,"Sunday",12/30/1899 13:05:00,"Oakland","Pittsburgh",21.00,18.00,,14.00,"n"
671,2013.00,9.00,"Sunday",12/30/1899 13:05:00,"Oakland","Philadelphia",20.00,49.00,,13.00,"n"
672,2013.00,12.00,"Sunday",12/30/1899 13:05:00,"Oakland","Tennessee",19.00,23.00,,20.00,"n"
673,2013.00,15.00,"Sunday",12/30/1899 13:05:00,"Oakland","Kansas City",31.00,56.00,,21.00,"y"
674,2013.00,17.00,"Sunday",12/30/1899 13:25:00,"Oakland","Denver",14.00,34.00,,10.00,"y"
675,2014.00,2.00,"Sunday",12/30/1899 13:25:00,"Oakland","Houston",14.00,30.00,,18.00,"n"
676,2014.00,6.00,"Sunday",12/30/1899 13:05:00,"Oakland","San Diego",28.00,31.00,,30.00,"y"
677,2014.00,7.00,"Sunday",12/30/1899 13:25:00,"Oakland","Arizona",13.00,24.00,,25.00,"n"
678,2014.00,14.00,"Sunday",12/30/1899 13:25:00,"Oakland","San Francisco",24.00,13.00,,49.00,"n"
679,2014.00,16.00,"Sunday",12/30/1899 13:25:00,"Oakland","Buffalo",26.00,24.00,,21.00,"n"
680,2015.00,1.00,"Sunday",12/30/1899 13:25:00,"Oakland","Cincinnati",13.00,33.00,,11.00,"n"
681,2015.00,2.00,"Sunday",12/30/1899 13:05:00,"Oakland","Baltimore",37.00,33.00,,18.00,"n"
682,2015.00,5.00,"Sunday",12/30/1899 13:25:00,"Oakland","Denver",10.00,16.00,,21.00,"y"
683,2015.00,8.00,"Sunday",12/30/1899 13:05:00,"Oakland","New York Jets",34.00,20.00,,16.00,"n"
684,2015.00,10.00,"Sunday",12/30/1899 13:05:00,"Oakland","Minnesota",14.00,30.00,,22.00,"n"
685,2015.00,13.00,"Sunday",12/30/1899 13:05:00,"Oakland","Kansas City",20.00,34.00,,19.00,"y"
686,2015.00,15.00,"Sunday",12/30/1899 13:05:00,"Oakland","Green Bay",20.00,30.00,,15.00,"n"
687,2015.00,16.00,"Thursday",12/30/1899 17:25:00,"Oakland","San Diego",23.00,20.00,,10.00,"y"
688,2011.00,3.00,"Sunday",12/30/1899 13:00:00,"Philadelphia","New York Giants",16.00,29.00,,2.00,"y"
689,2011.00,4.00,"Sunday",12/30/1899 13:00:00,"Philadelphia","San Francisco",23.00,24.00,,5.00,"n"
690,2011.00,8.00,"Sunday",12/30/1899 20:20:00,"Philadelphia","Dallas",34.00,7.00,,5.00,"y"
691,2011.00,9.00,"Monday",12/30/1899 20:30:00,"Philadelphia","Chicago",24.00,30.00,,2.00,"n"
692,2011.00,10.00,"Sunday",12/30/1899 13:00:00,"Philadelphia","Arizona",17.00,21.00,,2.00,"n"
693,2011.00,12.00,"Sunday",12/30/1899 16:15:00,"Philadelphia","New England",20.00,38.00,,2.00,"n"
694,2011.00,15.00,"Sunday",12/30/1899 16:15:00,"Philadelphia","New York Jets",45.00,19.00,,1.00,"n"
695,2011.00,17.00,"Sunday",12/30/1899 13:00:00,"Philadelphia","Washington",34.00,10.00,,2.00,"y"
696,2012.00,2.00,"Sunday",12/30/1899 13:00:00,"Philadelphia","Baltimore",24.00,23.00,,2.00,"n"
697,2012.00,4.00,"Sunday",12/30/1899 20:20:00,"Philadelphia","New York Giants",19.00,17.00,,6.00,"y"
698,2012.00,6.00,"Sunday",12/30/1899 13:00:00,"Philadelphia","Detroit",23.00,26.00,"OT",1.00,"n"
699,2012.00,8.00,"Sunday",12/30/1899 13:00:00,"Philadelphia","Atlanta",17.00,30.00,,0.00,"n"
700,2012.00,10.00,"Sunday",12/30/1899 16:25:00,"Philadelphia","Dallas",23.00,38.00,,4.00,"y"
701,2012.00,12.00,"Monday",12/30/1899 20:30:00,"Philadelphia","Carolina",22.00,30.00,,1.00,"n"
702,2012.00,15.00,"Thursday",12/30/1899 20:20:00,"Philadelphia","Cincinnati",13.00,34.00,,1.00,"n"
703,2012.00,16.00,"Sunday",12/30/1899 13:00:00,"Philadelphia","Washington",20.00,27.00,,1.00,"y"
704,2013.00,2.00,"Sunday",12/30/1899 13:00:00,"Philadelphia","San Diego",30.00,33.00,,2.00,"n"
705,2013.00,3.00,"Thursday",12/30/1899 20:25:00,"Philadelphia","Kansas City",16.00,26.00,,2.00,"n"
706,2013.00,7.00,"Sunday",12/30/1899 13:00:00,"Philadelphia","Dallas",3.00,17.00,,1.00,"y"
707,2013.00,8.00,"Sunday",12/30/1899 13:00:00,"Philadelphia","New York Giants",7.00,15.00,,18.00,"y"
708,2013.00,11.00,"Sunday",12/30/1899 13:00:00,"Philadelphia","Washington",24.00,16.00,,3.00,"y"
709,2013.00,13.00,"Sunday",12/30/1899 13:00:00,"Philadelphia","Arizona",24.00,21.00,,3.00,"n"
710,2013.00,14.00,"Sunday",12/30/1899 13:00:00,"Philadelphia","Detroit",34.00,20.00,,10.00,"n"
711,2013.00,16.00,"Sunday",12/30/1899 20:30:00,"Philadelphia","Chicago",54.00,11.00,,12.00,"n"
712,2014.00,1.00,"Sunday",12/30/1899 13:00:00,"Philadelphia","Jacksonville",34.00,17.00,,3.00,"n"
713,2014.00,3.00,"Sunday",12/30/1899 13:00:00,"Philadelphia","Washington",37.00,34.00,,3.00,"y"
714,2014.00,5.00,"Sunday",12/30/1899 13:00:00,"Philadelphia","St. Louis",34.00,28.00,,1.00,"n"
715,2014.00,6.00,"Sunday",12/30/1899 20:30:00,"Philadelphia","New York Giants",27.00,0.00,,1.00,"y"
716,2014.00,10.00,"Monday",12/30/1899 20:30:00,"Philadelphia","Carolina",45.00,21.00,,1.00,"n"
717,2014.00,12.00,"Sunday",12/30/1899 13:00:00,"Philadelphia","Tennessee",43.00,24.00,,5.00,"n"
718,2014.00,14.00,"Sunday",12/30/1899 16:25:00,"Philadelphia","Seattle",14.00,24.00,,2.00,"n"
719,2014.00,15.00,"Sunday",12/30/1899 20:30:00,"Philadelphia","Dallas",27.00,38.00,,4.00,"y"
720,2015.00,2.00,"Sunday",12/30/1899 16:25:00,"Philadelphia","Dallas",10.00,20.00,,5.00,"y"
721,2015.00,5.00,"Sunday",12/30/1899 13:00:00,"Philadelphia","New Orleans",39.00,17.00,,0.00,"n"
722,2015.00,6.00,"Monday",12/30/1899 20:30:00,"Philadelphia","New York Giants",27.00,7.00,,2.00,"y"
723,2015.00,10.00,"Sunday",12/30/1899 13:00:00,"Philadelphia","Miami",19.00,20.00,,2.00,"n"
724,2015.00,11.00,"Sunday",12/30/1899 13:00:00,"Philadelphia","Tampa Bay",17.00,45.00,,0.00,"n"
725,2015.00,14.00,"Sunday",12/30/1899 13:00:00,"Philadelphia","Buffalo",23.00,20.00,,1.00,"n"
726,2015.00,15.00,"Sunday",12/30/1899 20:30:00,"Philadelphia","Arizona",17.00,40.00,,5.00,"n"
727,2015.00,16.00,"Saturday",12/30/1899 20:25:00,"Philadelphia","Washington",24.00,38.00,,3.00,"y"
728,2011.00,2.00,"Sunday",12/30/1899 13:00:00,"Pittsburgh","Seattle",24.00,0.00,,15.00,"n"
729,2011.00,5.00,"Sunday",12/30/1899 13:00:00,"Pittsburgh","Tennessee",38.00,17.00,,19.00,"n"
730,2011.00,6.00,"Sunday",12/30/1899 13:00:00,"Pittsburgh","Jacksonville",17.00,13.00,,24.00,"n"
731,2011.00,8.00,"Sunday",12/30/1899 16:15:00,"Pittsburgh","New England",25.00,17.00,,12.00,"n"
732,2011.00,9.00,"Sunday",12/30/1899 20:20:00,"Pittsburgh","Baltimore",20.00,23.00,,21.00,"y"
733,2011.00,13.00,"Sunday",12/30/1899 13:00:00,"Pittsburgh","Cincinnati",35.00,7.00,,9.00,"y"
734,2011.00,14.00,"Thursday",12/30/1899 20:20:00,"Pittsburgh","Cleveland",14.00,3.00,,16.00,"y"
735,2011.00,16.00,"Saturday",12/30/1899 13:00:00,"Pittsburgh","St. Louis",27.00,0.00,,10.00,"n"
736,2012.00,2.00,"Sunday",12/30/1899 16:25:00,"Pittsburgh","New York Jets",27.00,10.00,,25.00,"n"
737,2012.00,5.00,"Sunday",12/30/1899 13:00:00,"Pittsburgh","Philadelphia",16.00,14.00,,18.00,"n"
738,2012.00,8.00,"Sunday",12/30/1899 13:00:00,"Pittsburgh","Washington",27.00,12.00,,23.00,"n"
739,2012.00,10.00,"Monday",12/30/1899 20:30:00,"Pittsburgh","Kansas City",16.00,13.00,"OT",25.00,"n"
740,2012.00,11.00,"Sunday",12/30/1899 20:20:00,"Pittsburgh","Baltimore",10.00,13.00,,52.00,"y"
741,2012.00,14.00,"Sunday",12/30/1899 13:00:00,"Pittsburgh","San Diego",24.00,34.00,,31.00,"n"
742,2012.00,16.00,"Sunday",12/30/1899 13:00:00,"Pittsburgh","Cincinnati",10.00,13.00,,30.00,"y"
743,2012.00,17.00,"Sunday",12/30/1899 13:00:00,"Pittsburgh","Cleveland",24.00,10.00,,3.00,"y"
744,2013.00,1.00,"Sunday",12/30/1899 13:00:00,"Pittsburgh","Tennessee",9.00,16.00,,37.00,"n"
745,2013.00,3.00,"Sunday",12/30/1899 20:30:00,"Pittsburgh","Chicago",23.00,40.00,,56.00,"n"
746,2013.00,7.00,"Sunday",12/30/1899 16:25:00,"Pittsburgh","Baltimore",19.00,16.00,,16.00,"y"
747,2013.00,10.00,"Sunday",12/30/1899 13:00:00,"Pittsburgh","Buffalo",23.00,10.00,,19.00,"n"
748,2013.00,11.00,"Sunday",12/30/1899 13:00:00,"Pittsburgh","Detroit",37.00,27.00,,34.00,"n"
749,2013.00,14.00,"Sunday",12/30/1899 13:00:00,"Pittsburgh","Miami",28.00,34.00,,6.00,"n"
750,2013.00,15.00,"Sunday",12/30/1899 20:30:00,"Pittsburgh","Cincinnati",30.00,20.00,,10.00,"y"
751,2013.00,17.00,"Sunday",12/30/1899 13:00:00,"Pittsburgh","Cleveland",20.00,7.00,,7.00,"y"
752,2014.00,1.00,"Sunday",12/30/1899 13:00:00,"Pittsburgh","Cleveland",30.00,27.00,,9.00,"y"
753,2014.00,4.00,"Sunday",12/30/1899 13:00:00,"Pittsburgh","Tampa Bay",24.00,27.00,,10.00,"n"
754,2014.00,7.00,"Monday",12/30/1899 20:30:00,"Pittsburgh","Houston",30.00,23.00,,11.00,"n"
755,2014.00,8.00,"Sunday",12/30/1899 16:25:00,"Pittsburgh","Indianapolis",51.00,34.00,,22.00,"n"
756,2014.00,9.00,"Sunday",12/30/1899 20:30:00,"Pittsburgh","Baltimore",43.00,23.00,,25.00,"y"
757,2014.00,13.00,"Sunday",12/30/1899 13:00:00,"Pittsburgh","New Orleans",32.00,35.00,,9.00,"n"
758,2014.00,16.00,"Sunday",12/30/1899 13:00:00,"Pittsburgh","Kansas City",20.00,12.00,,10.00,"n"
759,2014.00,17.00,"Sunday",12/30/1899 20:30:00,"Pittsburgh","Cincinnati",27.00,17.00,,17.00,"y"
760,2015.00,2.00,"Sunday",12/30/1899 13:00:00,"Pittsburgh","San Francisco",43.00,18.00,,4.00,"n"
761,2015.00,4.00,"Thursday",12/30/1899 20:30:00,"Pittsburgh","Baltimore",20.00,23.00,"OT",1.00,"y"
762,2015.00,6.00,"Sunday",12/30/1899 13:00:00,"Pittsburgh","Arizona",25.00,13.00,,8.00,"n"
763,2015.00,8.00,"Sunday",12/30/1899 13:00:00,"Pittsburgh","Cincinnati",10.00,16.00,,3.00,"y"
764,2015.00,9.00,"Sunday",12/30/1899 13:00:00,"Pittsburgh","Oakland",38.00,35.00,,8.00,"n"
765,2015.00,10.00,"Sunday",12/30/1899 13:00:00,"Pittsburgh","Cleveland",30.00,9.00,,7.00,"y"
766,2015.00,13.00,"Sunday",12/30/1899 20:30:00,"Pittsburgh","Indianapolis",45.00,10.00,,3.00,"n"
767,2015.00,15.00,"Sunday",12/30/1899 16:25:00,"Pittsburgh","Denver",34.00,27.00,,5.00,"n"
768,2011.00,1.00,"Sunday",12/30/1899 13:15:00,"San Diego","Minnesota",24.00,17.00,,15.00,"n"
769,2011.00,3.00,"Sunday",12/30/1899 13:05:00,"San Diego","Kansas City",20.00,17.00,,37.00,"y"
770,2011.00,4.00,"Sunday",12/30/1899 13:15:00,"San Diego","Miami",26.00,16.00,,29.00,"n"
771,2011.00,9.00,"Sunday",12/30/1899 13:15:00,"San Diego","Green Bay",38.00,45.00,,30.00,"n"
772,2011.00,10.00,"Thursday",12/30/1899 17:20:00,"San Diego","Oakland",17.00,24.00,,69.00,"y"
773,2011.00,12.00,"Sunday",12/30/1899 13:15:00,"San Diego","Denver",13.00,16.00,"OT",41.00,"y"
774,2011.00,14.00,"Sunday",12/30/1899 13:15:00,"San Diego","Buffalo",37.00,10.00,,30.00,"n"
775,2011.00,15.00,"Sunday",12/30/1899 17:20:00,"San Diego","Baltimore",34.00,14.00,,0.00,"n"
776,2012.00,2.00,"Sunday",12/30/1899 13:25:00,"San Diego","Tennessee",38.00,10.00,,23.00,"n"
777,2012.00,3.00,"Sunday",12/30/1899 13:05:00,"San Diego","Atlanta",3.00,27.00,,47.00,"n"
778,2012.00,6.00,"Monday",12/30/1899 17:30:00,"San Diego","Denver",24.00,35.00,,45.00,"y"
779,2012.00,9.00,"Thursday",12/30/1899 17:20:00,"San Diego","Kansas City",31.00,13.00,,40.00,"y"
780,2012.00,12.00,"Sunday",12/30/1899 13:05:00,"San Diego","Baltimore",13.00,16.00,"OT",31.00,"n"
781,2012.00,13.00,"Sunday",12/30/1899 13:25:00,"San Diego","Cincinnati",13.00,20.00,,19.00,"n"
782,2012.00,15.00,"Sunday",12/30/1899 13:05:00,"San Diego","Carolina",7.00,31.00,,12.00,"n"
783,2012.00,17.00,"Sunday",12/30/1899 13:25:00,"San Diego","Oakland",24.00,21.00,,60.00,"y"
784,2013.00,1.00,"Monday",12/30/1899 19:20:00,"San Diego","Houston",28.00,31.00,,29.00,"n"
785,2013.00,4.00,"Sunday",12/30/1899 13:25:00,"San Diego","Dallas",30.00,21.00,,40.00,"n"
786,2013.00,6.00,"Monday",12/30/1899 17:40:00,"San Diego","Indianapolis",24.00,6.00,,13.00,"n"
787,2013.00,10.00,"Sunday",12/30/1899 13:25:00,"San Diego","Denver",20.00,28.00,,16.00,"y"
788,2013.00,13.00,"Sunday",12/30/1899 13:25:00,"San Diego","Cincinnati",10.00,17.00,,24.00,"n"
789,2013.00,14.00,"Sunday",12/30/1899 13:25:00,"San Diego","New York Giants",37.00,14.00,,19.00,"n"
790,2013.00,16.00,"Sunday",12/30/1899 13:25:00,"San Diego","Oakland",26.00,13.00,,36.00,"y"
791,2013.00,17.00,"Sunday",12/30/1899 13:25:00,"San Diego","Kansas City",27.00,24.00,"OT",8.00,"y"
792,2014.00,2.00,"Sunday",12/30/1899 13:05:00,"San Diego","Seattle",30.00,21.00,,20.00,"n"
793,2014.00,4.00,"Sunday",12/30/1899 13:05:00,"San Diego","Jacksonville",33.00,14.00,,8.00,"n"
794,2014.00,5.00,"Sunday",12/30/1899 13:25:00,"San Diego","New York Jets",31.00,0.00,,18.00,"n"
795,2014.00,7.00,"Sunday",12/30/1899 13:05:00,"San Diego","Kansas City",20.00,23.00,,19.00,"y"
796,2014.00,11.00,"Sunday",12/30/1899 13:05:00,"San Diego","Oakland",13.00,6.00,,19.00,"y"
797,2014.00,12.00,"Sunday",12/30/1899 13:05:00,"San Diego","St. Louis",27.00,24.00,,19.00,"n"
798,2014.00,14.00,"Sunday",12/30/1899 17:30:00,"San Diego","New England",14.00,23.00,,17.00,"n"
799,2014.00,15.00,"Sunday",12/30/1899 13:05:00,"San Diego","Denver",10.00,22.00,,17.00,"y"
800,2015.00,1.00,"Sunday",12/30/1899 13:25:00,"San Diego","Detroit",33.00,28.00,,18.00,"n"
801,2015.00,4.00,"Sunday",12/30/1899 13:05:00,"San Diego","Cleveland",30.00,27.00,,14.00,"n"
802,2015.00,5.00,"Monday",12/30/1899 17:30:00,"San Diego","Pittsburgh",20.00,24.00,,13.00,"n"
803,2015.00,7.00,"Sunday",12/30/1899 13:05:00,"San Diego","Oakland",29.00,37.00,,13.00,"y"
804,2015.00,9.00,"Monday",12/30/1899 17:30:00,"San Diego","Chicago",19.00,22.00,,17.00,"n"
805,2015.00,11.00,"Sunday",12/30/1899 13:05:00,"San Diego","Kansas City",3.00,33.00,,8.00,"y"
806,2015.00,13.00,"Sunday",12/30/1899 13:05:00,"San Diego","Denver",3.00,17.00,,14.00,"y"
807,2015.00,15.00,"Sunday",12/30/1899 13:25:00,"San Diego","Miami",30.00,14.00,,36.00,"n"
808,2011.00,1.00,"Sunday",12/30/1899 13:15:00,"San Francisco","Seattle",33.00,17.00,,3.00,"y"
809,2011.00,2.00,"Sunday",12/30/1899 13:05:00,"San Francisco","Dallas",24.00,27.00,"OT",4.00,"n"
810,2011.00,5.00,"Sunday",12/30/1899 13:05:00,"San Francisco","Tampa Bay",48.00,3.00,,3.00,"n"
811,2011.00,8.00,"Sunday",12/30/1899 13:15:00,"San Francisco","Cleveland",20.00,10.00,,1.00,"n"
812,2011.00,10.00,"Sunday",12/30/1899 13:15:00,"San Francisco","New York Giants",27.00,20.00,,0.00,"n"
813,2011.00,11.00,"Sunday",12/30/1899 13:05:00,"San Francisco","Arizona",23.00,7.00,,4.00,"y"
814,2011.00,13.00,"Sunday",12/30/1899 13:15:00,"San Francisco","St. Louis",26.00,0.00,,4.00,"y"
815,2011.00,15.00,"Monday",12/30/1899 17:30:00,"San Francisco","Pittsburgh",20.00,3.00,,10.00,"n"
816,2012.00,2.00,"Sunday",12/30/1899 17:20:00,"San Francisco","Detroit",27.00,19.00,,1.00,"n"
817,2012.00,5.00,"Sunday",12/30/1899 13:25:00,"San Francisco","Buffalo",13.00,6.00,,7.00,"n"
818,2012.00,6.00,"Sunday",12/30/1899 13:25:00,"San Francisco","New York Giants",3.00,26.00,,2.00,"n"
819,2012.00,7.00,"Thursday",12/30/1899 17:30:00,"San Francisco","Seattle",13.00,6.00,,6.00,"y"
820,2012.00,10.00,"Sunday",12/30/1899 13:25:00,"San Francisco","St. Louis",24.00,24.00,"OT",8.00,"y"
821,2012.00,11.00,"Monday",12/30/1899 17:40:00,"San Francisco","Chicago",32.00,7.00,,1.00,"n"
822,2012.00,14.00,"Sunday",12/30/1899 13:05:00,"San Francisco","Miami",27.00,13.00,,12.00,"n"
823,2012.00,17.00,"Sunday",12/30/1899 13:25:00,"San Francisco","Arizona",27.00,13.00,,5.00,"y"
824,2013.00,1.00,"Sunday",12/30/1899 13:25:00,"San Francisco","Green Bay",34.00,28.00,,5.00,"n"
825,2013.00,3.00,"Sunday",12/30/1899 13:25:00,"San Francisco","Indianapolis",7.00,27.00,,6.00,"n"
826,2013.00,5.00,"Sunday",12/30/1899 17:30:00,"San Francisco","Houston",34.00,3.00,,1.00,"n"
827,2013.00,6.00,"Sunday",12/30/1899 13:25:00,"San Francisco","Arizona",32.00,20.00,,6.00,"y"
828,2013.00,10.00,"Sunday",12/30/1899 13:05:00,"San Francisco","Carolina",9.00,10.00,,1.00,"n"
829,2013.00,13.00,"Sunday",12/30/1899 13:05:00,"San Francisco","St. Louis",23.00,13.00,,3.00,"y"
830,2013.00,14.00,"Sunday",12/30/1899 13:25:00,"San Francisco","Seattle",19.00,17.00,,6.00,"y"
831,2013.00,16.00,"Monday",12/30/1899 17:40:00,"San Francisco","Atlanta",34.00,24.00,,0.00,"n"
832,2014.00,2.00,"Sunday",12/30/1899 17:30:00,"San Francisco","Chicago",20.00,28.00,,35.00,"n"
833,2014.00,4.00,"Sunday",12/30/1899 13:25:00,"San Francisco","Philadelphia",26.00,21.00,,20.00,"n"
834,2014.00,5.00,"Sunday",12/30/1899 13:25:00,"San Francisco","Kansas City",22.00,17.00,,33.00,"n"
835,2014.00,9.00,"Sunday",12/30/1899 13:05:00,"San Francisco","St. Louis",10.00,13.00,,25.00,"y"
836,2014.00,12.00,"Sunday",12/30/1899 13:25:00,"San Francisco","Washington",17.00,13.00,,24.00,"n"
837,2014.00,13.00,"Thursday",12/30/1899 17:30:00,"San Francisco","Seattle",3.00,19.00,,30.00,"y"
838,2014.00,16.00,"Saturday",12/30/1899 17:25:00,"San Francisco","San Diego",35.00,38.00,"OT",25.00,"n"
839,2014.00,17.00,"Sunday",12/30/1899 13:25:00,"San Francisco","Arizona",20.00,17.00,,18.00,"y"
840,2015.00,1.00,"Monday",12/30/1899 19:20:00,"San Francisco","Minnesota",20.00,3.00,,28.00,"n"
841,2015.00,4.00,"Sunday",12/30/1899 13:25:00,"San Francisco","Green Bay",3.00,17.00,,14.00,"n"
842,2015.00,6.00,"Sunday",12/30/1899 13:25:00,"San Francisco","Baltimore",25.00,20.00,,24.00,"n"
843,2015.00,7.00,"Thursday",12/30/1899 17:25:00,"San Francisco","Seattle",3.00,20.00,,18.00,"y"
844,2015.00,9.00,"Sunday",12/30/1899 13:05:00,"San Francisco","Atlanta",17.00,16.00,,22.00,"n"
845,2015.00,12.00,"Sunday",12/30/1899 13:05:00,"San Francisco","Arizona",13.00,19.00,,12.00,"y"
846,2015.00,15.00,"Sunday",12/30/1899 13:25:00,"San Francisco","Cincinnati",14.00,24.00,,9.00,"n"
847,2015.00,17.00,"Sunday",12/30/1899 13:25:00,"San Francisco","St. Louis",19.00,16.00,"OT",18.00,"y"
848,2011.00,3.00,"Sunday",12/30/1899 13:15:00,"Seattle","Arizona",13.00,10.00,,0.00,"y"
849,2011.00,4.00,"Sunday",12/30/1899 13:05:00,"Seattle","Atlanta",28.00,30.00,,0.00,"n"
850,2011.00,8.00,"Sunday",12/30/1899 13:15:00,"Seattle","Cincinnati",12.00,34.00,,0.00,"n"
851,2011.00,10.00,"Sunday",12/30/1899 13:05:00,"Seattle","Baltimore",22.00,17.00,,0.00,"n"
852,2011.00,12.00,"Sunday",12/30/1899 13:05:00,"Seattle","Washington",17.00,23.00,,0.00,"n"
853,2011.00,13.00,"Thursday",12/30/1899 17:20:00,"Seattle","Philadelphia",31.00,14.00,,1.00,"n"
854,2011.00,14.00,"Monday",12/30/1899 17:30:00,"Seattle","St. Louis",30.00,13.00,,0.00,"y"
855,2011.00,16.00,"Saturday",12/30/1899 13:15:00,"Seattle","San Francisco",17.00,19.00,,1.00,"y"
856,2012.00,2.00,"Sunday",12/30/1899 13:06:00,"Seattle","Dallas",27.00,7.00,,0.00,"n"
857,2012.00,3.00,"Monday",12/30/1899 17:41:00,"Seattle","Green Bay",14.00,12.00,,3.00,"n"
858,2012.00,6.00,"Sunday",12/30/1899 13:05:00,"Seattle","New England",24.00,23.00,,2.00,"n"
859,2012.00,9.00,"Sunday",12/30/1899 13:05:00,"Seattle","Minnesota",30.00,20.00,,5.00,"n"
860,2012.00,10.00,"Sunday",12/30/1899 13:05:00,"Seattle","New York Jets",28.00,7.00,,1.00,"n"
861,2012.00,14.00,"Sunday",12/30/1899 13:26:00,"Seattle","Arizona",58.00,0.00,,2.00,"y"
862,2012.00,16.00,"Sunday",12/30/1899 17:31:00,"Seattle","San Francisco",42.00,13.00,,4.00,"y"
863,2012.00,17.00,"Sunday",12/30/1899 13:26:00,"Seattle","St. Louis",20.00,13.00,,0.00,"y"
864,2013.00,2.00,"Sunday",12/30/1899 17:31:00,"Seattle","San Francisco",29.00,3.00,,2.00,"y"
865,2013.00,3.00,"Sunday",12/30/1899 13:26:00,"Seattle","Jacksonville",45.00,17.00,,1.00,"n"
866,2013.00,6.00,"Sunday",12/30/1899 13:06:00,"Seattle","Tennessee",20.00,13.00,,0.00,"n"
867,2013.00,9.00,"Sunday",12/30/1899 13:05:00,"Seattle","Tampa Bay",27.00,24.00,"OT",2.00,"n"
868,2013.00,11.00,"Sunday",12/30/1899 13:26:00,"Seattle","Minnesota",41.00,10.00,,0.00,"n"
869,2013.00,13.00,"Monday",12/30/1899 17:41:00,"Seattle","New Orleans",34.00,7.00,,1.00,"n"
870,2013.00,16.00,"Sunday",12/30/1899 13:06:00,"Seattle","Arizona",10.00,17.00,,1.00,"y"
871,2013.00,17.00,"Sunday",12/30/1899 13:26:00,"Seattle","St. Louis",27.00,9.00,,1.00,"y"
872,2014.00,1.00,"Thursday",12/30/1899 17:42:00,"Seattle","Green Bay",36.00,16.00,,0.00,"n"
873,2014.00,3.00,"Sunday",12/30/1899 13:25:00,"Seattle","Denver",26.00,20.00,"OT",1.00,"n"
874,2014.00,6.00,"Sunday",12/30/1899 13:26:00,"Seattle","Dallas",23.00,30.00,,0.00,"n"
875,2014.00,9.00,"Sunday",12/30/1899 13:26:00,"Seattle","Oakland",30.00,24.00,,0.00,"n"
876,2014.00,10.00,"Sunday",12/30/1899 13:26:00,"Seattle","New York Giants",38.00,17.00,,0.00,"n"
877,2014.00,12.00,"Sunday",12/30/1899 13:06:00,"Seattle","Arizona",19.00,3.00,,0.00,"y"
878,2014.00,15.00,"Sunday",12/30/1899 13:26:00,"Seattle","San Francisco",17.00,7.00,,1.00,"y"
879,2014.00,17.00,"Sunday",12/30/1899 13:27:00,"Seattle","St. Louis",20.00,6.00,,0.00,"y"
880,2015.00,3.00,"Sunday",12/30/1899 13:25:00,"Seattle","Chicago",26.00,0.00,,0.00,"n"
881,2015.00,4.00,"Monday",12/30/1899 17:30:00,"Seattle","Detroit",13.00,10.00,,1.00,"n"
882,2015.00,6.00,"Sunday",12/30/1899 13:05:00,"Seattle","Carolina",23.00,27.00,,1.00,"n"
883,2015.00,10.00,"Sunday",12/30/1899 17:30:00,"Seattle","Arizona",32.00,39.00,,1.00,"y"
884,2015.00,11.00,"Sunday",12/30/1899 13:25:00,"Seattle","San Francisco",29.00,13.00,,0.00,"y"
885,2015.00,12.00,"Sunday",12/30/1899 13:25:00,"Seattle","Pittsburgh",39.00,30.00,,0.00,"n"
886,2015.00,15.00,"Sunday",12/30/1899 13:05:00,"Seattle","Cleveland",30.00,13.00,,0.00,"n"
887,2015.00,16.00,"Sunday",12/30/1899 13:25:00,"Seattle","St. Louis",17.00,23.00,,0.00,"y"
888,2011.00,1.00,"Sunday",12/30/1899 13:00:00,"Tampa Bay","Detroit",20.00,27.00,,0.00,"n"
889,2011.00,3.00,"Sunday",12/30/1899 16:15:00,"Tampa Bay","Atlanta",16.00,13.00,,2.00,"y"
890,2011.00,4.00,"Monday",12/30/1899 20:30:00,"Tampa Bay","Indianapolis",24.00,17.00,,1.00,"n"
891,2011.00,6.00,"Sunday",12/30/1899 16:15:00,"Tampa Bay","New Orleans",26.00,20.00,,1.00,"y"
892,2011.00,10.00,"Sunday",12/30/1899 13:00:00,"Tampa Bay","Houston",9.00,37.00,,2.00,"n"
893,2011.00,13.00,"Sunday",12/30/1899 13:00:00,"Tampa Bay","Carolina",19.00,38.00,,2.00,"y"
894,2011.00,15.00,"Saturday",12/30/1899 20:20:00,"Tampa Bay","Dallas",15.00,31.00,,2.00,"n"
895,2012.00,1.00,"Sunday",12/30/1899 16:25:00,"Tampa Bay","Carolina",16.00,10.00,,1.00,"y"
896,2012.00,4.00,"Sunday",12/30/1899 16:25:00,"Tampa Bay","Washington",22.00,24.00,,2.00,"n"
897,2012.00,6.00,"Sunday",12/30/1899 13:00:00,"Tampa Bay","Kansas City",38.00,10.00,,0.00,"n"
898,2012.00,7.00,"Sunday",12/30/1899 13:00:00,"Tampa Bay","New Orleans",28.00,35.00,,1.00,"y"
899,2012.00,10.00,"Sunday",12/30/1899 13:00:00,"Tampa Bay","San Diego",34.00,24.00,,1.00,"n"
900,2012.00,12.00,"Sunday",12/30/1899 13:00:00,"Tampa Bay","Atlanta",23.00,24.00,,2.00,"y"
901,2012.00,14.00,"Sunday",12/30/1899 13:00:00,"Tampa Bay","Philadelphia",21.00,23.00,,1.00,"n"
902,2012.00,16.00,"Sunday",12/30/1899 13:00:00,"Tampa Bay","St. Louis",13.00,28.00,,0.00,"n"
903,2013.00,2.00,"Sunday",12/30/1899 16:05:00,"Tampa Bay","New Orleans",14.00,16.00,,2.00,"y"
904,2013.00,4.00,"Sunday",12/30/1899 13:00:00,"Tampa Bay","Arizona",10.00,13.00,,0.00,"n"
905,2013.00,6.00,"Sunday",12/30/1899 13:00:00,"Tampa Bay","Philadelphia",20.00,31.00,,2.00,"n"
906,2013.00,8.00,"Thursday",12/30/1899 20:25:00,"Tampa Bay","Carolina",13.00,31.00,,0.00,"y"
907,2013.00,10.00,"Monday",12/30/1899 20:40:00,"Tampa Bay","Miami",22.00,19.00,,1.00,"n"
908,2013.00,11.00,"Sunday",12/30/1899 13:00:00,"Tampa Bay","Atlanta",41.00,28.00,,0.00,"y"
909,2013.00,14.00,"Sunday",12/30/1899 13:00:00,"Tampa Bay","Buffalo",27.00,6.00,,2.00,"n"
910,2013.00,15.00,"Sunday",12/30/1899 13:00:00,"Tampa Bay","San Francisco",14.00,33.00,,1.00,"n"
911,2014.00,1.00,"Sunday",12/30/1899 16:25:00,"Tampa Bay","Carolina",14.00,20.00,,1.00,"y"
912,2014.00,2.00,"Sunday",12/30/1899 16:05:00,"Tampa Bay","St. Louis",17.00,19.00,,0.00,"n"
913,2014.00,6.00,"Sunday",12/30/1899 13:00:00,"Tampa Bay","Baltimore",17.00,48.00,,0.00,"n"
914,2014.00,8.00,"Sunday",12/30/1899 13:00:00,"Tampa Bay","Minnesota",13.00,19.00,"OT",0.00,"n"
915,2014.00,10.00,"Sunday",12/30/1899 13:00:00,"Tampa Bay","Atlanta",17.00,27.00,,0.00,"y"
916,2014.00,13.00,"Sunday",12/30/1899 13:00:00,"Tampa Bay","Cincinnati",13.00,14.00,,0.00,"n"
917,2014.00,16.00,"Sunday",12/30/1899 13:00:00,"Tampa Bay","Green Bay",3.00,20.00,,1.00,"n"
918,2014.00,17.00,"Sunday",12/30/1899 13:00:00,"Tampa Bay","New Orleans",20.00,23.00,,0.00,"y"
919,2015.00,1.00,"Sunday",12/30/1899 16:25:00,"Tampa Bay","Tennessee",14.00,42.00,,1.00,"n"
920,2015.00,4.00,"Sunday",12/30/1899 13:00:00,"Tampa Bay","Carolina",23.00,37.00,,0.00,"y"
921,2015.00,5.00,"Sunday",12/30/1899 13:00:00,"Tampa Bay","Jacksonville",38.00,31.00,,1.00,"n"
922,2015.00,9.00,"Sunday",12/30/1899 16:05:00,"Tampa Bay","New York Giants",18.00,32.00,,0.00,"n"
923,2015.00,10.00,"Sunday",12/30/1899 13:00:00,"Tampa Bay","Dallas",10.00,6.00,,1.00,"n"
924,2015.00,13.00,"Sunday",12/30/1899 13:00:00,"Tampa Bay","Atlanta",23.00,19.00,,0.00,"y"
925,2015.00,14.00,"Sunday",12/30/1899 13:00:00,"Tampa Bay","New Orleans",17.00,24.00,,1.00,"y"
926,2015.00,16.00,"Sunday",12/30/1899 13:00:00,"Tampa Bay","Chicago",21.00,26.00,,1.00,"n"
927,2011.00,2.00,"Sunday",12/30/1899 12:00:00,"Tennessee","Baltimore",26.00,13.00,,0.00,"n"
928,2011.00,3.00,"Sunday",12/30/1899 12:00:00,"Tennessee","Denver",17.00,14.00,,0.00,"n"
929,2011.00,7.00,"Sunday",12/30/1899 12:00:00,"Tennessee","Houston",7.00,41.00,,0.00,"y"
930,2011.00,8.00,"Sunday",12/30/1899 12:00:00,"Tennessee","Indianapolis",27.00,10.00,,0.00,"y"
931,2011.00,9.00,"Sunday",12/30/1899 15:05:00,"Tennessee","Cincinnati",17.00,24.00,,1.00,"n"
932,2011.00,12.00,"Sunday",12/30/1899 12:00:00,"Tennessee","Tampa Bay",23.00,17.00,,0.00,"n"
933,2011.00,14.00,"Sunday",12/30/1899 12:00:00,"Tennessee","New Orleans",17.00,22.00,,1.00,"n"
934,2011.00,16.00,"Saturday",12/30/1899 12:00:00,"Tennessee","Jacksonville",23.00,17.00,,2.00,"y"
935,2012.00,1.00,"Sunday",12/30/1899 12:00:00,"Tennessee","New England",13.00,34.00,,0.00,"n"
936,2012.00,3.00,"Sunday",12/30/1899 12:00:00,"Tennessee","Detroit",44.00,41.00,"OT",1.00,"n"
937,2012.00,6.00,"Thursday",12/30/1899 19:20:00,"Tennessee","Pittsburgh",26.00,23.00,,3.00,"n"
938,2012.00,8.00,"Sunday",12/30/1899 12:00:00,"Tennessee","Indianapolis",13.00,19.00,"OT",0.00,"y"
939,2012.00,9.00,"Sunday",12/30/1899 12:00:00,"Tennessee","Chicago",20.00,51.00,,0.00,"n"
940,2012.00,13.00,"Sunday",12/30/1899 12:00:00,"Tennessee","Houston",10.00,24.00,,0.00,"y"
941,2012.00,15.00,"Monday",12/30/1899 19:30:00,"Tennessee","New York Jets",14.00,10.00,,4.00,"n"
942,2012.00,17.00,"Sunday",12/30/1899 12:00:00,"Tennessee","Jacksonville",38.00,20.00,,0.00,"y"
943,2013.00,3.00,"Sunday",12/30/1899 12:00:00,"Tennessee","San Diego",20.00,17.00,,1.00,"n"
944,2013.00,4.00,"Sunday",12/30/1899 15:05:00,"Tennessee","New York Jets",38.00,13.00,,0.00,"n"
945,2013.00,5.00,"Sunday",12/30/1899 12:00:00,"Tennessee","Kansas City",17.00,26.00,,0.00,"n"
946,2013.00,7.00,"Sunday",12/30/1899 15:05:00,"Tennessee","San Francisco",17.00,31.00,,3.00,"n"
947,2013.00,10.00,"Sunday",12/30/1899 12:00:00,"Tennessee","Jacksonville",27.00,29.00,,0.00,"y"
948,2013.00,11.00,"Thursday",12/30/1899 19:25:00,"Tennessee","Indianapolis",27.00,30.00,,3.00,"y"
949,2013.00,15.00,"Sunday",12/30/1899 15:25:00,"Tennessee","Arizona",37.00,37.00,"OT",7.00,"n"
950,2013.00,17.00,"Sunday",12/30/1899 12:00:00,"Tennessee","Houston",16.00,10.00,,0.00,"y"
951,2014.00,2.00,"Sunday",12/30/1899 12:00:00,"Tennessee","Dallas",10.00,26.00,,0.00,"n"
952,2014.00,5.00,"Sunday",12/30/1899 12:00:00,"Tennessee","Cleveland",28.00,29.00,,6.00,"n"
953,2014.00,6.00,"Sunday",12/30/1899 12:00:00,"Tennessee","Jacksonville",16.00,14.00,,8.00,"y"
954,2014.00,8.00,"Sunday",12/30/1899 12:00:00,"Tennessee","Houston",16.00,30.00,,0.00,"y"
955,2014.00,11.00,"Monday",12/30/1899 19:30:00,"Tennessee","Pittsburgh",24.00,27.00,,1.00,"n"
956,2014.00,14.00,"Sunday",12/30/1899 12:00:00,"Tennessee","New York Giants",7.00,36.00,,0.00,"n"
957,2014.00,15.00,"Sunday",12/30/1899 15:05:00,"Tennessee","New York Jets",11.00,16.00,,2.00,"n"
958,2014.00,17.00,"Sunday",12/30/1899 12:00:00,"Tennessee","Indianapolis",10.00,27.00,,3.00,"y"
959,2015.00,3.00,"Sunday",12/30/1899 12:00:00,"Tennessee","Indianapolis",33.00,35.00,,8.00,"y"
960,2015.00,5.00,"Sunday",12/30/1899 12:00:00,"Tennessee","Buffalo",13.00,14.00,,3.00,"n"
961,2015.00,6.00,"Sunday",12/30/1899 12:00:00,"Tennessee","Miami",10.00,38.00,,3.00,"n"
962,2015.00,7.00,"Sunday",12/30/1899 12:00:00,"Tennessee","Atlanta",7.00,10.00,,4.00,"n"
963,2015.00,10.00,"Sunday",12/30/1899 12:00:00,"Tennessee","Carolina",10.00,27.00,,7.00,"n"
964,2015.00,12.00,"Sunday",12/30/1899 12:00:00,"Tennessee","Oakland",21.00,24.00,,0.00,"n"
965,2015.00,13.00,"Sunday",12/30/1899 12:00:00,"Tennessee","Jacksonville",42.00,39.00,,0.00,"y"
966,2015.00,16.00,"Sunday",12/30/1899 12:00:00,"Tennessee","Houston",6.00,34.00,,12.00,"y"
967,2011.00,1.00,"Sunday",12/30/1899 16:15:00,"Washington","New York Giants",28.00,14.00,,1.00,"y"
968,2011.00,2.00,"Sunday",12/30/1899 13:00:00,"Washington","Arizona",22.00,21.00,,2.00,"n"
969,2011.00,6.00,"Sunday",12/30/1899 13:00:00,"Washington","Philadelphia",13.00,20.00,,1.00,"y"
970,2011.00,9.00,"Sunday",12/30/1899 13:00:00,"Washington","San Francisco",11.00,19.00,,2.00,"n"
971,2011.00,11.00,"Sunday",12/30/1899 13:00:00,"Washington","Dallas",24.00,27.00,"OT",7.00,"y"
972,2011.00,13.00,"Sunday",12/30/1899 13:00:00,"Washington","New York Jets",19.00,34.00,,0.00,"n"
973,2011.00,14.00,"Sunday",12/30/1899 13:00:00,"Washington","New England",27.00,34.00,,2.00,"n"
974,2011.00,16.00,"Saturday",12/30/1899 13:00:00,"Washington","Minnesota",26.00,33.00,,2.00,"n"
975,2012.00,3.00,"Sunday",12/30/1899 13:00:00,"Washington","Cincinnati",31.00,38.00,,5.00,"n"
976,2012.00,5.00,"Sunday",12/30/1899 13:00:00,"Washington","Atlanta",17.00,24.00,,3.00,"n"
977,2012.00,6.00,"Sunday",12/30/1899 16:25:00,"Washington","Minnesota",38.00,26.00,,3.00,"n"
978,2012.00,9.00,"Sunday",12/30/1899 13:00:00,"Washington","Carolina",13.00,21.00,,2.00,"n"
979,2012.00,11.00,"Sunday",12/30/1899 13:00:00,"Washington","Philadelphia",31.00,6.00,,5.00,"y"
980,2012.00,13.00,"Monday",12/30/1899 20:30:00,"Washington","New York Giants",17.00,16.00,,5.00,"y"
981,2012.00,14.00,"Sunday",12/30/1899 13:00:00,"Washington","Baltimore",31.00,28.00,"OT",4.00,"n"
982,2012.00,17.00,"Sunday",12/30/1899 20:20:00,"Washington","Dallas",28.00,18.00,,7.00,"y"
983,2013.00,1.00,"Monday",12/30/1899 19:10:00,"Washington","Philadelphia",27.00,33.00,,7.00,"y"
984,2013.00,3.00,"Sunday",12/30/1899 13:00:00,"Washington","Detroit",20.00,27.00,,2.00,"n"
985,2013.00,7.00,"Sunday",12/30/1899 13:00:00,"Washington","Chicago",45.00,41.00,,1.00,"n"
986,2013.00,9.00,"Sunday",12/30/1899 13:00:00,"Washington","San Diego",30.00,24.00,"OT",3.00,"n"
987,2013.00,12.00,"Monday",12/30/1899 20:40:00,"Washington","San Francisco",6.00,27.00,,4.00,"n"
988,2013.00,13.00,"Sunday",12/30/1899 20:30:00,"Washington","New York Giants",17.00,24.00,,2.00,"y"
989,2013.00,14.00,"Sunday",12/30/1899 13:00:00,"Washington","Kansas City",10.00,45.00,,0.00,"n"
990,2013.00,16.00,"Sunday",12/30/1899 13:00:00,"Washington","Dallas",23.00,24.00,,7.00,"y"
991,2014.00,2.00,"Sunday",12/30/1899 13:00:00,"Washington","Jacksonville",41.00,10.00,,2.00,"n"
992,2014.00,4.00,"Thursday",12/30/1899 20:25:00,"Washington","New York Giants",14.00,45.00,,3.00,"y"
993,2014.00,5.00,"Monday",12/30/1899 20:30:00,"Washington","Seattle",17.00,27.00,,0.00,"n"
994,2014.00,7.00,"Sunday",12/30/1899 13:00:00,"Washington","Tennessee",19.00,17.00,,4.00,"n"
995,2014.00,11.00,"Sunday",12/30/1899 13:00:00,"Washington","Tampa Bay",7.00,27.00,,0.00,"n"
996,2014.00,14.00,"Sunday",12/30/1899 13:00:00,"Washington","St. Louis",0.00,24.00,,3.00,"n"
997,2014.00,16.00,"Saturday",12/30/1899 16:30:00,"Washington","Philadelphia",27.00,24.00,,5.00,"y"
998,2014.00,17.00,"Sunday",12/30/1899 13:00:00,"Washington","Dallas",17.00,44.00,,1.00,"y"
999,2015.00,1.00,"Sunday",12/30/1899 13:00:00,"Washington","Miami",10.00,17.00,,0.00,"n"
1000,2015.00,2.00,"Sunday",12/30/1899 13:00:00,"Washington","St. Louis",24.00,10.00,,0.00,"n"
1001,2015.00,4.00,"Sunday",12/30/1899 13:00:00,"Washington","Philadelphia",23.00,20.00,,1.00,"y"
1002,2015.00,7.00,"Sunday",12/30/1899 13:00:00,"Washington","Tampa Bay",31.00,30.00,,2.00,"n"
1003,2015.00,10.00,"Sunday",12/30/1899 13:00:00,"Washington","New Orleans",47.00,14.00,,2.00,"n"
1004,2015.00,12.00,"Sunday",12/30/1899 13:00:00,"Washington","New York Giants",20.00,14.00,,2.00,"y"
1005,2015.00,13.00,"Monday",12/30/1899 20:30:00,"Washington","Dallas",16.00,19.00,,4.00,"y"
1006,2015.00,15.00,"Sunday",12/30/1899 13:00:00,"Washington","Buffalo",35.00,25.00,,1.00,"n"
